Fitter report for PN532-FireLinkBridge
Mon Apr 14 21:17:47 2025
Quartus Prime Version 18.1.0 Build 625 09/12/2018 SJ Lite Edition


---------------------
; Table of Contents ;
---------------------
  1. Legal Notice
  2. Fitter Summary
  3. Fitter Settings
  4. Parallel Compilation
  5. Fitter Netlist Optimizations
  6. Ignored Assignments
  7. Incremental Compilation Preservation Summary
  8. Incremental Compilation Partition Settings
  9. Incremental Compilation Placement Preservation
 10. Pin-Out File
 11. Fitter Resource Usage Summary
 12. Fitter Partition Statistics
 13. Input Pins
 14. Output Pins
 15. Bidir Pins
 16. I/O Bank Usage
 17. All Package Pins
 18. I/O Assignment Warnings
 19. Fitter Resource Utilization by Entity
 20. Delay Chain Summary
 21. Pad To Core Delay Chain Fanout
 22. Control Signals
 23. Global & Other Fast Signals
 24. Fitter DSP Block Usage Summary
 25. DSP Block Details
 26. Routing Usage Summary
 27. I/O Rules Summary
 28. I/O Rules Details
 29. I/O Rules Matrix
 30. Fitter Device Options
 31. Operating Settings and Conditions
 32. Estimated Delay Added for Hold Timing Summary
 33. Estimated Delay Added for Hold Timing Details
 34. Fitter Messages
 35. Fitter Suppressed Messages



----------------
; Legal Notice ;
----------------
Copyright (C) 2018  Intel Corporation. All rights reserved.
Your use of Intel Corporation's design tools, logic functions 
and other software and tools, and its AMPP partner logic 
functions, and any output files from any of the foregoing 
(including device programming or simulation files), and any 
associated documentation or information are expressly subject 
to the terms and conditions of the Intel Program License 
Subscription Agreement, the Intel Quartus Prime License Agreement,
the Intel FPGA IP License Agreement, or other applicable license
agreement, including, without limitation, that your use is for
the sole purpose of programming logic devices manufactured by
Intel and sold by Intel or its authorized distributors.  Please
refer to the applicable agreement for further details.



+-------------------------------------------------------------------------------+
; Fitter Summary                                                                ;
+---------------------------------+---------------------------------------------+
; Fitter Status                   ; Successful - Mon Apr 14 21:17:47 2025       ;
; Quartus Prime Version           ; 18.1.0 Build 625 09/12/2018 SJ Lite Edition ;
; Revision Name                   ; PN532-FireLinkBridge                        ;
; Top-level Entity Name           ; PN532_FireLink_Bridge                       ;
; Family                          ; Cyclone V                                   ;
; Device                          ; 5CSEMA4U23C6                                ;
; Timing Models                   ; Final                                       ;
; Logic utilization (in ALMs)     ; 243 / 15,880 ( 2 % )                        ;
; Total registers                 ; 119                                         ;
; Total pins                      ; 20 / 314 ( 6 % )                            ;
; Total virtual pins              ; 0                                           ;
; Total block memory bits         ; 0 / 2,764,800 ( 0 % )                       ;
; Total RAM Blocks                ; 0 / 270 ( 0 % )                             ;
; Total DSP Blocks                ; 6 / 84 ( 7 % )                              ;
; Total HSSI RX PCSs              ; 0                                           ;
; Total HSSI PMA RX Deserializers ; 0                                           ;
; Total HSSI TX PCSs              ; 0                                           ;
; Total HSSI PMA TX Serializers   ; 0                                           ;
; Total PLLs                      ; 0 / 5 ( 0 % )                               ;
; Total DLLs                      ; 0 / 4 ( 0 % )                               ;
+---------------------------------+---------------------------------------------+


+----------------------------------------------------------------------------------------------------------------------------------------------------+
; Fitter Settings                                                                                                                                    ;
+--------------------------------------------------------------------+---------------------------------------+---------------------------------------+
; Option                                                             ; Setting                               ; Default Value                         ;
+--------------------------------------------------------------------+---------------------------------------+---------------------------------------+
; Device                                                             ; 5CSEMA4U23C6                          ;                                       ;
; Minimum Core Junction Temperature                                  ; 0                                     ;                                       ;
; Maximum Core Junction Temperature                                  ; 85                                    ;                                       ;
; Use smart compilation                                              ; Off                                   ; Off                                   ;
; Enable parallel Assembler and Timing Analyzer during compilation   ; On                                    ; On                                    ;
; Enable compact report table                                        ; Off                                   ; Off                                   ;
; Router Timing Optimization Level                                   ; Normal                                ; Normal                                ;
; Perform Clocking Topology Analysis During Routing                  ; Off                                   ; Off                                   ;
; Placement Effort Multiplier                                        ; 1.0                                   ; 1.0                                   ;
; Device initialization clock source                                 ; INIT_INTOSC                           ; INIT_INTOSC                           ;
; Optimize Hold Timing                                               ; All Paths                             ; All Paths                             ;
; Optimize Multi-Corner Timing                                       ; On                                    ; On                                    ;
; Auto RAM to MLAB Conversion                                        ; On                                    ; On                                    ;
; Equivalent RAM and MLAB Power Up                                   ; Auto                                  ; Auto                                  ;
; Equivalent RAM and MLAB Paused Read Capabilities                   ; Care                                  ; Care                                  ;
; Power Optimization During Fitting                                  ; Normal compilation                    ; Normal compilation                    ;
; SSN Optimization                                                   ; Off                                   ; Off                                   ;
; Optimize Timing                                                    ; Normal compilation                    ; Normal compilation                    ;
; Optimize Timing for ECOs                                           ; Off                                   ; Off                                   ;
; Regenerate Full Fit Report During ECO Compiles                     ; Off                                   ; Off                                   ;
; Optimize IOC Register Placement for Timing                         ; Normal                                ; Normal                                ;
; Final Placement Optimizations                                      ; Automatically                         ; Automatically                         ;
; Fitter Aggressive Routability Optimizations                        ; Automatically                         ; Automatically                         ;
; Fitter Initial Placement Seed                                      ; 1                                     ; 1                                     ;
; Periphery to Core Placement and Routing Optimization               ; Off                                   ; Off                                   ;
; Weak Pull-Up Resistor                                              ; Off                                   ; Off                                   ;
; Enable Bus-Hold Circuitry                                          ; Off                                   ; Off                                   ;
; Auto Packed Registers                                              ; Auto                                  ; Auto                                  ;
; Auto Delay Chains                                                  ; On                                    ; On                                    ;
; Auto Delay Chains for High Fanout Input Pins                       ; Off                                   ; Off                                   ;
; Treat Bidirectional Pin as Output Pin                              ; Off                                   ; Off                                   ;
; Perform Physical Synthesis for Combinational Logic for Fitting     ; Off                                   ; Off                                   ;
; Perform Physical Synthesis for Combinational Logic for Performance ; Off                                   ; Off                                   ;
; Perform Register Duplication for Performance                       ; Off                                   ; Off                                   ;
; Perform Register Retiming for Performance                          ; Off                                   ; Off                                   ;
; Perform Asynchronous Signal Pipelining                             ; Off                                   ; Off                                   ;
; Fitter Effort                                                      ; Auto Fit                              ; Auto Fit                              ;
; Physical Synthesis Effort Level                                    ; Normal                                ; Normal                                ;
; Logic Cell Insertion - Logic Duplication                           ; Auto                                  ; Auto                                  ;
; Auto Register Duplication                                          ; Auto                                  ; Auto                                  ;
; Auto Global Clock                                                  ; On                                    ; On                                    ;
; Auto Global Register Control Signals                               ; On                                    ; On                                    ;
; Reserve all unused pins                                            ; As input tri-stated with weak pull-up ; As input tri-stated with weak pull-up ;
; Synchronizer Identification                                        ; Auto                                  ; Auto                                  ;
; Enable Beneficial Skew Optimization                                ; On                                    ; On                                    ;
; Optimize Design for Metastability                                  ; On                                    ; On                                    ;
; Active Serial clock source                                         ; FREQ_100MHz                           ; FREQ_100MHz                           ;
; Force Fitter to Avoid Periphery Placement Warnings                 ; Off                                   ; Off                                   ;
; Clamping Diode                                                     ; Off                                   ; Off                                   ;
; Enable input tri-state on active configuration pins in user mode   ; Off                                   ; Off                                   ;
; Advanced Physical Optimization                                     ; On                                    ; On                                    ;
+--------------------------------------------------------------------+---------------------------------------+---------------------------------------+


+------------------------------------------+
; Parallel Compilation                     ;
+----------------------------+-------------+
; Processors                 ; Number      ;
+----------------------------+-------------+
; Number detected on machine ; 8           ;
; Maximum allowed            ; 4           ;
;                            ;             ;
; Average used               ; 1.07        ;
; Maximum used               ; 4           ;
;                            ;             ;
; Usage by Processor         ; % Time Used ;
;     Processor 1            ; 100.0%      ;
;     Processor 2            ;   2.6%      ;
;     Processor 3            ;   2.2%      ;
;     Processor 4            ;   2.1%      ;
+----------------------------+-------------+


+--------------------------------------------------------------------------------------------------------------------------------------------------------------------------------------------------------------------------------------------------------------------+
; Fitter Netlist Optimizations                                                                                                                                                                                                                                       ;
+--------------------------------------------+-----------------+---------------------------------------------------+----------------------------+-----------+----------------+--------------------------------------------+------------------+-----------------------+
; Node                                       ; Action          ; Operation                                         ; Reason                     ; Node Port ; Node Port Name ; Destination Node                           ; Destination Port ; Destination Port Name ;
+--------------------------------------------+-----------------+---------------------------------------------------+----------------------------+-----------+----------------+--------------------------------------------+------------------+-----------------------+
; CLOCK_50~inputCLKENA0                      ; Created         ; Placement                                         ; Fitter Periphery Placement ;           ;                ;                                            ;                  ;                       ;
; tonegen:tonegen_1|counter[0]               ; Packed Register ; Register Packing                                  ; Timing optimization        ; Q         ;                ; tonegen:tonegen_1|Mult0~124                ; AY               ;                       ;
; tonegen:tonegen_1|counter[0]               ; Duplicated      ; Register Packing                                  ; Timing optimization        ; Q         ;                ; tonegen:tonegen_1|counter[0]~_Duplicate_1  ; Q                ;                       ;
; tonegen:tonegen_1|counter[0]~SCLR_LUT      ; Created         ; Register Packing                                  ; Timing optimization        ;           ;                ;                                            ;                  ;                       ;
; tonegen:tonegen_1|counter[0]~_Duplicate_1  ; Packed Register ; Register Packing                                  ; Timing optimization        ; Q         ;                ; tonegen:tonegen_1|Mult0~1245               ; AY               ;                       ;
; tonegen:tonegen_1|counter[0]~_Duplicate_1  ; Duplicated      ; Register Packing                                  ; Timing optimization        ; Q         ;                ; tonegen:tonegen_1|counter[0]~_Duplicate_2  ; Q                ;                       ;
; tonegen:tonegen_1|counter[1]               ; Packed Register ; Register Packing                                  ; Timing optimization        ; Q         ;                ; tonegen:tonegen_1|Mult0~124                ; AY               ;                       ;
; tonegen:tonegen_1|counter[1]               ; Duplicated      ; Register Packing                                  ; Timing optimization        ; Q         ;                ; tonegen:tonegen_1|counter[1]~_Duplicate_1  ; Q                ;                       ;
; tonegen:tonegen_1|counter[1]~SCLR_LUT      ; Created         ; Register Packing                                  ; Timing optimization        ;           ;                ;                                            ;                  ;                       ;
; tonegen:tonegen_1|counter[1]~_Duplicate_1  ; Packed Register ; Register Packing                                  ; Timing optimization        ; Q         ;                ; tonegen:tonegen_1|Mult0~1245               ; AY               ;                       ;
; tonegen:tonegen_1|counter[1]~_Duplicate_1  ; Duplicated      ; Register Packing                                  ; Timing optimization        ; Q         ;                ; tonegen:tonegen_1|counter[1]~_Duplicate_2  ; Q                ;                       ;
; tonegen:tonegen_1|counter[2]               ; Packed Register ; Register Packing                                  ; Timing optimization        ; Q         ;                ; tonegen:tonegen_1|Mult0~124                ; AY               ;                       ;
; tonegen:tonegen_1|counter[2]               ; Duplicated      ; Register Packing                                  ; Timing optimization        ; Q         ;                ; tonegen:tonegen_1|counter[2]~_Duplicate_1  ; Q                ;                       ;
; tonegen:tonegen_1|counter[2]~SCLR_LUT      ; Created         ; Register Packing                                  ; Timing optimization        ;           ;                ;                                            ;                  ;                       ;
; tonegen:tonegen_1|counter[2]~_Duplicate_1  ; Packed Register ; Register Packing                                  ; Timing optimization        ; Q         ;                ; tonegen:tonegen_1|Mult0~1245               ; AY               ;                       ;
; tonegen:tonegen_1|counter[2]~_Duplicate_1  ; Duplicated      ; Register Packing                                  ; Timing optimization        ; Q         ;                ; tonegen:tonegen_1|counter[2]~_Duplicate_2  ; Q                ;                       ;
; tonegen:tonegen_1|counter[3]               ; Packed Register ; Register Packing                                  ; Timing optimization        ; Q         ;                ; tonegen:tonegen_1|Mult0~124                ; AY               ;                       ;
; tonegen:tonegen_1|counter[3]               ; Duplicated      ; Register Packing                                  ; Timing optimization        ; Q         ;                ; tonegen:tonegen_1|counter[3]~_Duplicate_1  ; Q                ;                       ;
; tonegen:tonegen_1|counter[3]~SCLR_LUT      ; Created         ; Register Packing                                  ; Timing optimization        ;           ;                ;                                            ;                  ;                       ;
; tonegen:tonegen_1|counter[3]~_Duplicate_1  ; Packed Register ; Register Packing                                  ; Timing optimization        ; Q         ;                ; tonegen:tonegen_1|Mult0~1245               ; AY               ;                       ;
; tonegen:tonegen_1|counter[3]~_Duplicate_1  ; Duplicated      ; Register Packing                                  ; Timing optimization        ; Q         ;                ; tonegen:tonegen_1|counter[3]~_Duplicate_2  ; Q                ;                       ;
; tonegen:tonegen_1|counter[4]               ; Packed Register ; Register Packing                                  ; Timing optimization        ; Q         ;                ; tonegen:tonegen_1|Mult0~124                ; AY               ;                       ;
; tonegen:tonegen_1|counter[4]               ; Duplicated      ; Register Packing                                  ; Timing optimization        ; Q         ;                ; tonegen:tonegen_1|counter[4]~_Duplicate_1  ; Q                ;                       ;
; tonegen:tonegen_1|counter[4]~SCLR_LUT      ; Created         ; Register Packing                                  ; Timing optimization        ;           ;                ;                                            ;                  ;                       ;
; tonegen:tonegen_1|counter[4]~_Duplicate_1  ; Packed Register ; Register Packing                                  ; Timing optimization        ; Q         ;                ; tonegen:tonegen_1|Mult0~1245               ; AY               ;                       ;
; tonegen:tonegen_1|counter[4]~_Duplicate_1  ; Duplicated      ; Register Packing                                  ; Timing optimization        ; Q         ;                ; tonegen:tonegen_1|counter[4]~_Duplicate_2  ; Q                ;                       ;
; tonegen:tonegen_1|counter[5]               ; Packed Register ; Register Packing                                  ; Timing optimization        ; Q         ;                ; tonegen:tonegen_1|Mult0~124                ; AY               ;                       ;
; tonegen:tonegen_1|counter[5]               ; Duplicated      ; Register Packing                                  ; Timing optimization        ; Q         ;                ; tonegen:tonegen_1|counter[5]~_Duplicate_1  ; Q                ;                       ;
; tonegen:tonegen_1|counter[5]~SCLR_LUT      ; Created         ; Register Packing                                  ; Timing optimization        ;           ;                ;                                            ;                  ;                       ;
; tonegen:tonegen_1|counter[5]~_Duplicate_1  ; Packed Register ; Register Packing                                  ; Timing optimization        ; Q         ;                ; tonegen:tonegen_1|Mult0~1245               ; AY               ;                       ;
; tonegen:tonegen_1|counter[5]~_Duplicate_1  ; Duplicated      ; Register Packing                                  ; Timing optimization        ; Q         ;                ; tonegen:tonegen_1|counter[5]~_Duplicate_2  ; Q                ;                       ;
; tonegen:tonegen_1|counter[6]               ; Packed Register ; Register Packing                                  ; Timing optimization        ; Q         ;                ; tonegen:tonegen_1|Mult0~124                ; AY               ;                       ;
; tonegen:tonegen_1|counter[6]               ; Duplicated      ; Register Packing                                  ; Timing optimization        ; Q         ;                ; tonegen:tonegen_1|counter[6]~_Duplicate_1  ; Q                ;                       ;
; tonegen:tonegen_1|counter[6]~SCLR_LUT      ; Created         ; Register Packing                                  ; Timing optimization        ;           ;                ;                                            ;                  ;                       ;
; tonegen:tonegen_1|counter[6]~_Duplicate_1  ; Packed Register ; Register Packing                                  ; Timing optimization        ; Q         ;                ; tonegen:tonegen_1|Mult0~1245               ; AY               ;                       ;
; tonegen:tonegen_1|counter[6]~_Duplicate_1  ; Duplicated      ; Register Packing                                  ; Timing optimization        ; Q         ;                ; tonegen:tonegen_1|counter[6]~_Duplicate_2  ; Q                ;                       ;
; tonegen:tonegen_1|counter[7]               ; Packed Register ; Register Packing                                  ; Timing optimization        ; Q         ;                ; tonegen:tonegen_1|Mult0~124                ; AY               ;                       ;
; tonegen:tonegen_1|counter[7]               ; Duplicated      ; Register Packing                                  ; Timing optimization        ; Q         ;                ; tonegen:tonegen_1|counter[7]~_Duplicate_1  ; Q                ;                       ;
; tonegen:tonegen_1|counter[7]~SCLR_LUT      ; Created         ; Register Packing                                  ; Timing optimization        ;           ;                ;                                            ;                  ;                       ;
; tonegen:tonegen_1|counter[7]~_Duplicate_1  ; Packed Register ; Register Packing                                  ; Timing optimization        ; Q         ;                ; tonegen:tonegen_1|Mult0~1245               ; AY               ;                       ;
; tonegen:tonegen_1|counter[7]~_Duplicate_1  ; Duplicated      ; Register Packing                                  ; Timing optimization        ; Q         ;                ; tonegen:tonegen_1|counter[7]~_Duplicate_2  ; Q                ;                       ;
; tonegen:tonegen_1|counter[8]               ; Packed Register ; Register Packing                                  ; Timing optimization        ; Q         ;                ; tonegen:tonegen_1|Mult0~124                ; AY               ;                       ;
; tonegen:tonegen_1|counter[8]               ; Duplicated      ; Register Packing                                  ; Timing optimization        ; Q         ;                ; tonegen:tonegen_1|counter[8]~_Duplicate_1  ; Q                ;                       ;
; tonegen:tonegen_1|counter[8]~SCLR_LUT      ; Created         ; Register Packing                                  ; Timing optimization        ;           ;                ;                                            ;                  ;                       ;
; tonegen:tonegen_1|counter[8]~_Duplicate_1  ; Packed Register ; Register Packing                                  ; Timing optimization        ; Q         ;                ; tonegen:tonegen_1|Mult0~1245               ; AY               ;                       ;
; tonegen:tonegen_1|counter[8]~_Duplicate_1  ; Duplicated      ; Register Packing                                  ; Timing optimization        ; Q         ;                ; tonegen:tonegen_1|counter[8]~_Duplicate_2  ; Q                ;                       ;
; tonegen:tonegen_1|counter[9]               ; Packed Register ; Register Packing                                  ; Timing optimization        ; Q         ;                ; tonegen:tonegen_1|Mult0~124                ; AY               ;                       ;
; tonegen:tonegen_1|counter[9]               ; Duplicated      ; Register Packing                                  ; Timing optimization        ; Q         ;                ; tonegen:tonegen_1|counter[9]~_Duplicate_1  ; Q                ;                       ;
; tonegen:tonegen_1|counter[9]~SCLR_LUT      ; Created         ; Register Packing                                  ; Timing optimization        ;           ;                ;                                            ;                  ;                       ;
; tonegen:tonegen_1|counter[9]~_Duplicate_1  ; Packed Register ; Register Packing                                  ; Timing optimization        ; Q         ;                ; tonegen:tonegen_1|Mult0~1245               ; AY               ;                       ;
; tonegen:tonegen_1|counter[9]~_Duplicate_1  ; Duplicated      ; Register Packing                                  ; Timing optimization        ; Q         ;                ; tonegen:tonegen_1|counter[9]~_Duplicate_2  ; Q                ;                       ;
; tonegen:tonegen_1|counter[10]              ; Packed Register ; Register Packing                                  ; Timing optimization        ; Q         ;                ; tonegen:tonegen_1|Mult0~124                ; AY               ;                       ;
; tonegen:tonegen_1|counter[10]              ; Duplicated      ; Register Packing                                  ; Timing optimization        ; Q         ;                ; tonegen:tonegen_1|counter[10]~_Duplicate_1 ; Q                ;                       ;
; tonegen:tonegen_1|counter[10]~SCLR_LUT     ; Created         ; Register Packing                                  ; Timing optimization        ;           ;                ;                                            ;                  ;                       ;
; tonegen:tonegen_1|counter[10]~_Duplicate_1 ; Packed Register ; Register Packing                                  ; Timing optimization        ; Q         ;                ; tonegen:tonegen_1|Mult0~1245               ; AY               ;                       ;
; tonegen:tonegen_1|counter[10]~_Duplicate_1 ; Duplicated      ; Register Packing                                  ; Timing optimization        ; Q         ;                ; tonegen:tonegen_1|counter[10]~_Duplicate_2 ; Q                ;                       ;
; tonegen:tonegen_1|counter[11]              ; Packed Register ; Register Packing                                  ; Timing optimization        ; Q         ;                ; tonegen:tonegen_1|Mult0~124                ; AY               ;                       ;
; tonegen:tonegen_1|counter[11]              ; Duplicated      ; Register Packing                                  ; Timing optimization        ; Q         ;                ; tonegen:tonegen_1|counter[11]~_Duplicate_1 ; Q                ;                       ;
; tonegen:tonegen_1|counter[11]~SCLR_LUT     ; Created         ; Register Packing                                  ; Timing optimization        ;           ;                ;                                            ;                  ;                       ;
; tonegen:tonegen_1|counter[11]~_Duplicate_1 ; Packed Register ; Register Packing                                  ; Timing optimization        ; Q         ;                ; tonegen:tonegen_1|Mult0~1245               ; AY               ;                       ;
; tonegen:tonegen_1|counter[11]~_Duplicate_1 ; Duplicated      ; Register Packing                                  ; Timing optimization        ; Q         ;                ; tonegen:tonegen_1|counter[11]~_Duplicate_2 ; Q                ;                       ;
; tonegen:tonegen_1|counter[12]              ; Packed Register ; Register Packing                                  ; Timing optimization        ; Q         ;                ; tonegen:tonegen_1|Mult0~124                ; AY               ;                       ;
; tonegen:tonegen_1|counter[12]              ; Duplicated      ; Register Packing                                  ; Timing optimization        ; Q         ;                ; tonegen:tonegen_1|counter[12]~_Duplicate_1 ; Q                ;                       ;
; tonegen:tonegen_1|counter[12]~SCLR_LUT     ; Created         ; Register Packing                                  ; Timing optimization        ;           ;                ;                                            ;                  ;                       ;
; tonegen:tonegen_1|counter[12]~_Duplicate_1 ; Packed Register ; Register Packing                                  ; Timing optimization        ; Q         ;                ; tonegen:tonegen_1|Mult0~1245               ; AY               ;                       ;
; tonegen:tonegen_1|counter[12]~_Duplicate_1 ; Duplicated      ; Register Packing                                  ; Timing optimization        ; Q         ;                ; tonegen:tonegen_1|counter[12]~_Duplicate_2 ; Q                ;                       ;
; tonegen:tonegen_1|counter[13]              ; Packed Register ; Register Packing                                  ; Timing optimization        ; Q         ;                ; tonegen:tonegen_1|Mult0~124                ; AY               ;                       ;
; tonegen:tonegen_1|counter[13]              ; Duplicated      ; Register Packing                                  ; Timing optimization        ; Q         ;                ; tonegen:tonegen_1|counter[13]~_Duplicate_1 ; Q                ;                       ;
; tonegen:tonegen_1|counter[13]~SCLR_LUT     ; Created         ; Register Packing                                  ; Timing optimization        ;           ;                ;                                            ;                  ;                       ;
; tonegen:tonegen_1|counter[13]~_Duplicate_1 ; Packed Register ; Register Packing                                  ; Timing optimization        ; Q         ;                ; tonegen:tonegen_1|Mult0~1245               ; AY               ;                       ;
; tonegen:tonegen_1|counter[13]~_Duplicate_1 ; Duplicated      ; Register Packing                                  ; Timing optimization        ; Q         ;                ; tonegen:tonegen_1|counter[13]~_Duplicate_2 ; Q                ;                       ;
; tonegen:tonegen_1|counter[14]              ; Packed Register ; Register Packing                                  ; Timing optimization        ; Q         ;                ; tonegen:tonegen_1|Mult0~124                ; AY               ;                       ;
; tonegen:tonegen_1|counter[14]              ; Duplicated      ; Register Packing                                  ; Timing optimization        ; Q         ;                ; tonegen:tonegen_1|counter[14]~_Duplicate_1 ; Q                ;                       ;
; tonegen:tonegen_1|counter[14]~SCLR_LUT     ; Created         ; Register Packing                                  ; Timing optimization        ;           ;                ;                                            ;                  ;                       ;
; tonegen:tonegen_1|counter[14]~_Duplicate_1 ; Packed Register ; Register Packing                                  ; Timing optimization        ; Q         ;                ; tonegen:tonegen_1|Mult0~1245               ; AY               ;                       ;
; tonegen:tonegen_1|counter[14]~_Duplicate_1 ; Duplicated      ; Register Packing                                  ; Timing optimization        ; Q         ;                ; tonegen:tonegen_1|counter[14]~_Duplicate_2 ; Q                ;                       ;
; tonegen:tonegen_1|counter[15]              ; Packed Register ; Register Packing                                  ; Timing optimization        ; Q         ;                ; tonegen:tonegen_1|Mult0~124                ; AY               ;                       ;
; tonegen:tonegen_1|counter[15]              ; Duplicated      ; Register Packing                                  ; Timing optimization        ; Q         ;                ; tonegen:tonegen_1|counter[15]~_Duplicate_1 ; Q                ;                       ;
; tonegen:tonegen_1|counter[15]~SCLR_LUT     ; Created         ; Register Packing                                  ; Timing optimization        ;           ;                ;                                            ;                  ;                       ;
; tonegen:tonegen_1|counter[15]~_Duplicate_1 ; Packed Register ; Register Packing                                  ; Timing optimization        ; Q         ;                ; tonegen:tonegen_1|Mult0~1245               ; AY               ;                       ;
; tonegen:tonegen_1|counter[15]~_Duplicate_1 ; Duplicated      ; Register Packing                                  ; Timing optimization        ; Q         ;                ; tonegen:tonegen_1|counter[15]~_Duplicate_2 ; Q                ;                       ;
; tonegen:tonegen_1|counter[16]              ; Packed Register ; Register Packing                                  ; Timing optimization        ; Q         ;                ; tonegen:tonegen_1|Mult0~124                ; AY               ;                       ;
; tonegen:tonegen_1|counter[16]              ; Duplicated      ; Register Packing                                  ; Timing optimization        ; Q         ;                ; tonegen:tonegen_1|counter[16]~_Duplicate_1 ; Q                ;                       ;
; tonegen:tonegen_1|counter[16]~SCLR_LUT     ; Created         ; Register Packing                                  ; Timing optimization        ;           ;                ;                                            ;                  ;                       ;
; tonegen:tonegen_1|counter[16]~_Duplicate_1 ; Packed Register ; Register Packing                                  ; Timing optimization        ; Q         ;                ; tonegen:tonegen_1|Mult0~1245               ; AY               ;                       ;
; tonegen:tonegen_1|counter[16]~_Duplicate_1 ; Duplicated      ; Register Packing                                  ; Timing optimization        ; Q         ;                ; tonegen:tonegen_1|counter[16]~_Duplicate_2 ; Q                ;                       ;
; tonegen:tonegen_1|counter[17]              ; Packed Register ; Register Packing                                  ; Timing optimization        ; Q         ;                ; tonegen:tonegen_1|Mult0~124                ; AY               ;                       ;
; tonegen:tonegen_1|counter[17]              ; Duplicated      ; Register Packing                                  ; Timing optimization        ; Q         ;                ; tonegen:tonegen_1|counter[17]~_Duplicate_1 ; Q                ;                       ;
; tonegen:tonegen_1|counter[17]~SCLR_LUT     ; Created         ; Register Packing                                  ; Timing optimization        ;           ;                ;                                            ;                  ;                       ;
; tonegen:tonegen_1|counter[17]~_Duplicate_1 ; Packed Register ; Register Packing                                  ; Timing optimization        ; Q         ;                ; tonegen:tonegen_1|Mult0~1245               ; AY               ;                       ;
; tonegen:tonegen_1|counter[17]~_Duplicate_1 ; Duplicated      ; Register Packing                                  ; Timing optimization        ; Q         ;                ; tonegen:tonegen_1|counter[17]~_Duplicate_2 ; Q                ;                       ;
; tonegen:tonegen_1|counter[18]              ; Packed Register ; Register Packing                                  ; Timing optimization        ; Q         ;                ; tonegen:tonegen_1|Mult0~1245               ; BX               ;                       ;
; tonegen:tonegen_1|counter[18]              ; Duplicated      ; Register Packing                                  ; Timing optimization        ; Q         ;                ; tonegen:tonegen_1|counter[18]~_Duplicate_1 ; Q                ;                       ;
; tonegen:tonegen_1|counter[18]~SCLR_LUT     ; Created         ; Register Packing                                  ; Timing optimization        ;           ;                ;                                            ;                  ;                       ;
; tonegen:tonegen_1|counter[18]~_Duplicate_1 ; Packed Register ; Register Packing                                  ; Timing optimization        ; Q         ;                ; tonegen:tonegen_1|Mult0~1991               ; AX               ;                       ;
; tonegen:tonegen_1|counter[18]~_Duplicate_1 ; Duplicated      ; Register Packing                                  ; Timing optimization        ; Q         ;                ; tonegen:tonegen_1|counter[18]~_Duplicate_2 ; Q                ;                       ;
; tonegen:tonegen_1|counter[19]              ; Packed Register ; Register Packing                                  ; Timing optimization        ; Q         ;                ; tonegen:tonegen_1|Mult0~1245               ; BX               ;                       ;
; tonegen:tonegen_1|counter[19]              ; Duplicated      ; Register Packing                                  ; Timing optimization        ; Q         ;                ; tonegen:tonegen_1|counter[19]~_Duplicate_1 ; Q                ;                       ;
; tonegen:tonegen_1|counter[19]~SCLR_LUT     ; Created         ; Register Packing                                  ; Timing optimization        ;           ;                ;                                            ;                  ;                       ;
; tonegen:tonegen_1|counter[19]~_Duplicate_1 ; Packed Register ; Register Packing                                  ; Timing optimization        ; Q         ;                ; tonegen:tonegen_1|Mult0~1991               ; AX               ;                       ;
; tonegen:tonegen_1|counter[19]~_Duplicate_1 ; Duplicated      ; Register Packing                                  ; Timing optimization        ; Q         ;                ; tonegen:tonegen_1|counter[19]~_Duplicate_2 ; Q                ;                       ;
; tonegen:tonegen_1|counter[20]              ; Packed Register ; Register Packing                                  ; Timing optimization        ; Q         ;                ; tonegen:tonegen_1|Mult0~1245               ; BX               ;                       ;
; tonegen:tonegen_1|counter[20]              ; Duplicated      ; Register Packing                                  ; Timing optimization        ; Q         ;                ; tonegen:tonegen_1|counter[20]~_Duplicate_1 ; Q                ;                       ;
; tonegen:tonegen_1|counter[20]~SCLR_LUT     ; Created         ; Register Packing                                  ; Timing optimization        ;           ;                ;                                            ;                  ;                       ;
; tonegen:tonegen_1|counter[20]~_Duplicate_1 ; Packed Register ; Register Packing                                  ; Timing optimization        ; Q         ;                ; tonegen:tonegen_1|Mult0~1991               ; AX               ;                       ;
; tonegen:tonegen_1|counter[20]~_Duplicate_1 ; Duplicated      ; Register Packing                                  ; Timing optimization        ; Q         ;                ; tonegen:tonegen_1|counter[20]~_Duplicate_2 ; Q                ;                       ;
; tonegen:tonegen_1|counter[21]              ; Packed Register ; Register Packing                                  ; Timing optimization        ; Q         ;                ; tonegen:tonegen_1|Mult0~1245               ; BX               ;                       ;
; tonegen:tonegen_1|counter[21]              ; Duplicated      ; Register Packing                                  ; Timing optimization        ; Q         ;                ; tonegen:tonegen_1|counter[21]~_Duplicate_1 ; Q                ;                       ;
; tonegen:tonegen_1|counter[21]~SCLR_LUT     ; Created         ; Register Packing                                  ; Timing optimization        ;           ;                ;                                            ;                  ;                       ;
; tonegen:tonegen_1|counter[21]~_Duplicate_1 ; Packed Register ; Register Packing                                  ; Timing optimization        ; Q         ;                ; tonegen:tonegen_1|Mult0~1991               ; AX               ;                       ;
; tonegen:tonegen_1|counter[21]~_Duplicate_1 ; Duplicated      ; Register Packing                                  ; Timing optimization        ; Q         ;                ; tonegen:tonegen_1|counter[21]~_Duplicate_2 ; Q                ;                       ;
; tonegen:tonegen_1|counter[22]              ; Packed Register ; Register Packing                                  ; Timing optimization        ; Q         ;                ; tonegen:tonegen_1|Mult0~1245               ; BX               ;                       ;
; tonegen:tonegen_1|counter[22]              ; Duplicated      ; Register Packing                                  ; Timing optimization        ; Q         ;                ; tonegen:tonegen_1|counter[22]~_Duplicate_1 ; Q                ;                       ;
; tonegen:tonegen_1|counter[22]~SCLR_LUT     ; Created         ; Register Packing                                  ; Timing optimization        ;           ;                ;                                            ;                  ;                       ;
; tonegen:tonegen_1|counter[22]~_Duplicate_1 ; Packed Register ; Register Packing                                  ; Timing optimization        ; Q         ;                ; tonegen:tonegen_1|Mult0~1991               ; AX               ;                       ;
; tonegen:tonegen_1|counter[22]~_Duplicate_1 ; Duplicated      ; Register Packing                                  ; Timing optimization        ; Q         ;                ; tonegen:tonegen_1|counter[22]~_Duplicate_2 ; Q                ;                       ;
; tonegen:tonegen_1|counter[23]              ; Packed Register ; Register Packing                                  ; Timing optimization        ; Q         ;                ; tonegen:tonegen_1|Mult0~1245               ; BX               ;                       ;
; tonegen:tonegen_1|counter[23]              ; Duplicated      ; Register Packing                                  ; Timing optimization        ; Q         ;                ; tonegen:tonegen_1|counter[23]~_Duplicate_1 ; Q                ;                       ;
; tonegen:tonegen_1|counter[23]~SCLR_LUT     ; Created         ; Register Packing                                  ; Timing optimization        ;           ;                ;                                            ;                  ;                       ;
; tonegen:tonegen_1|counter[23]~_Duplicate_1 ; Packed Register ; Register Packing                                  ; Timing optimization        ; Q         ;                ; tonegen:tonegen_1|Mult0~1991               ; AX               ;                       ;
; tonegen:tonegen_1|counter[23]~_Duplicate_1 ; Duplicated      ; Register Packing                                  ; Timing optimization        ; Q         ;                ; tonegen:tonegen_1|counter[23]~_Duplicate_2 ; Q                ;                       ;
; tonegen:tonegen_1|counter[24]              ; Packed Register ; Register Packing                                  ; Timing optimization        ; Q         ;                ; tonegen:tonegen_1|Mult0~1245               ; BX               ;                       ;
; tonegen:tonegen_1|counter[24]              ; Duplicated      ; Register Packing                                  ; Timing optimization        ; Q         ;                ; tonegen:tonegen_1|counter[24]~_Duplicate_1 ; Q                ;                       ;
; tonegen:tonegen_1|counter[24]~SCLR_LUT     ; Created         ; Register Packing                                  ; Timing optimization        ;           ;                ;                                            ;                  ;                       ;
; tonegen:tonegen_1|counter[24]~_Duplicate_1 ; Packed Register ; Register Packing                                  ; Timing optimization        ; Q         ;                ; tonegen:tonegen_1|Mult0~1991               ; AX               ;                       ;
; tonegen:tonegen_1|counter[24]~_Duplicate_1 ; Duplicated      ; Register Packing                                  ; Timing optimization        ; Q         ;                ; tonegen:tonegen_1|counter[24]~_Duplicate_2 ; Q                ;                       ;
; tonegen:tonegen_1|counter[25]              ; Packed Register ; Register Packing                                  ; Timing optimization        ; Q         ;                ; tonegen:tonegen_1|Mult0~1245               ; BX               ;                       ;
; tonegen:tonegen_1|counter[25]              ; Duplicated      ; Register Packing                                  ; Timing optimization        ; Q         ;                ; tonegen:tonegen_1|counter[25]~_Duplicate_1 ; Q                ;                       ;
; tonegen:tonegen_1|counter[25]~SCLR_LUT     ; Created         ; Register Packing                                  ; Timing optimization        ;           ;                ;                                            ;                  ;                       ;
; tonegen:tonegen_1|counter[25]~_Duplicate_1 ; Packed Register ; Register Packing                                  ; Timing optimization        ; Q         ;                ; tonegen:tonegen_1|Mult0~1991               ; AX               ;                       ;
; tonegen:tonegen_1|counter[25]~_Duplicate_1 ; Duplicated      ; Register Packing                                  ; Timing optimization        ; Q         ;                ; tonegen:tonegen_1|counter[25]~_Duplicate_2 ; Q                ;                       ;
; tonegen:tonegen_1|counter[26]              ; Packed Register ; Register Packing                                  ; Timing optimization        ; Q         ;                ; tonegen:tonegen_1|Mult0~1245               ; BX               ;                       ;
; tonegen:tonegen_1|counter[26]              ; Duplicated      ; Register Packing                                  ; Timing optimization        ; Q         ;                ; tonegen:tonegen_1|counter[26]~_Duplicate_1 ; Q                ;                       ;
; tonegen:tonegen_1|counter[26]~SCLR_LUT     ; Created         ; Register Packing                                  ; Timing optimization        ;           ;                ;                                            ;                  ;                       ;
; tonegen:tonegen_1|counter[26]~_Duplicate_1 ; Packed Register ; Register Packing                                  ; Timing optimization        ; Q         ;                ; tonegen:tonegen_1|Mult0~1991               ; AX               ;                       ;
; tonegen:tonegen_1|counter[26]~_Duplicate_1 ; Duplicated      ; Register Packing                                  ; Timing optimization        ; Q         ;                ; tonegen:tonegen_1|counter[26]~_Duplicate_2 ; Q                ;                       ;
; tonegen:tonegen_1|counter[27]              ; Packed Register ; Register Packing                                  ; Timing optimization        ; Q         ;                ; tonegen:tonegen_1|Mult0~836                ; AX               ;                       ;
; tonegen:tonegen_1|counter[27]              ; Duplicated      ; Register Packing                                  ; Timing optimization        ; Q         ;                ; tonegen:tonegen_1|counter[27]~_Duplicate_1 ; Q                ;                       ;
; tonegen:tonegen_1|counter[27]~SCLR_LUT     ; Created         ; Register Packing                                  ; Timing optimization        ;           ;                ;                                            ;                  ;                       ;
; tonegen:tonegen_1|counter[27]~_Duplicate_1 ; Packed Register ; Register Packing                                  ; Timing optimization        ; Q         ;                ; tonegen:tonegen_1|Mult0~1650               ; AX               ;                       ;
; tonegen:tonegen_1|counter[27]~_Duplicate_1 ; Duplicated      ; Register Packing                                  ; Timing optimization        ; Q         ;                ; tonegen:tonegen_1|counter[27]~_Duplicate_2 ; Q                ;                       ;
; tonegen:tonegen_1|counter[28]              ; Packed Register ; Register Packing                                  ; Timing optimization        ; Q         ;                ; tonegen:tonegen_1|Mult0~836                ; AX               ;                       ;
; tonegen:tonegen_1|counter[28]              ; Duplicated      ; Register Packing                                  ; Timing optimization        ; Q         ;                ; tonegen:tonegen_1|counter[28]~_Duplicate_1 ; Q                ;                       ;
; tonegen:tonegen_1|counter[28]~SCLR_LUT     ; Created         ; Register Packing                                  ; Timing optimization        ;           ;                ;                                            ;                  ;                       ;
; tonegen:tonegen_1|counter[28]~_Duplicate_1 ; Packed Register ; Register Packing                                  ; Timing optimization        ; Q         ;                ; tonegen:tonegen_1|Mult0~1650               ; AX               ;                       ;
; tonegen:tonegen_1|counter[28]~_Duplicate_1 ; Duplicated      ; Register Packing                                  ; Timing optimization        ; Q         ;                ; tonegen:tonegen_1|counter[28]~_Duplicate_2 ; Q                ;                       ;
; tonegen:tonegen_1|counter[29]              ; Packed Register ; Register Packing                                  ; Timing optimization        ; Q         ;                ; tonegen:tonegen_1|Mult0~836                ; AX               ;                       ;
; tonegen:tonegen_1|counter[29]              ; Duplicated      ; Register Packing                                  ; Timing optimization        ; Q         ;                ; tonegen:tonegen_1|counter[29]~_Duplicate_1 ; Q                ;                       ;
; tonegen:tonegen_1|counter[29]~SCLR_LUT     ; Created         ; Register Packing                                  ; Timing optimization        ;           ;                ;                                            ;                  ;                       ;
; tonegen:tonegen_1|counter[29]~_Duplicate_1 ; Packed Register ; Register Packing                                  ; Timing optimization        ; Q         ;                ; tonegen:tonegen_1|Mult0~1650               ; AX               ;                       ;
; tonegen:tonegen_1|counter[29]~_Duplicate_1 ; Duplicated      ; Register Packing                                  ; Timing optimization        ; Q         ;                ; tonegen:tonegen_1|counter[29]~_Duplicate_2 ; Q                ;                       ;
; tonegen:tonegen_1|counter[30]              ; Packed Register ; Register Packing                                  ; Timing optimization        ; Q         ;                ; tonegen:tonegen_1|Mult0~836                ; AX               ;                       ;
; tonegen:tonegen_1|counter[30]              ; Duplicated      ; Register Packing                                  ; Timing optimization        ; Q         ;                ; tonegen:tonegen_1|counter[30]~_Duplicate_1 ; Q                ;                       ;
; tonegen:tonegen_1|counter[30]~SCLR_LUT     ; Created         ; Register Packing                                  ; Timing optimization        ;           ;                ;                                            ;                  ;                       ;
; tonegen:tonegen_1|counter[30]~_Duplicate_1 ; Packed Register ; Register Packing                                  ; Timing optimization        ; Q         ;                ; tonegen:tonegen_1|Mult0~1650               ; AX               ;                       ;
; tonegen:tonegen_1|counter[30]~_Duplicate_1 ; Duplicated      ; Register Packing                                  ; Timing optimization        ; Q         ;                ; tonegen:tonegen_1|counter[30]~_Duplicate_2 ; Q                ;                       ;
; tonegen:tonegen_1|counter[31]              ; Packed Register ; Register Packing                                  ; Timing optimization        ; Q         ;                ; tonegen:tonegen_1|Mult0~836                ; AX               ;                       ;
; tonegen:tonegen_1|counter[31]              ; Duplicated      ; Register Packing                                  ; Timing optimization        ; Q         ;                ; tonegen:tonegen_1|counter[31]~_Duplicate_1 ; Q                ;                       ;
; tonegen:tonegen_1|counter[31]~SCLR_LUT     ; Created         ; Register Packing                                  ; Timing optimization        ;           ;                ;                                            ;                  ;                       ;
; tonegen:tonegen_1|counter[31]~_Duplicate_1 ; Packed Register ; Register Packing                                  ; Timing optimization        ; Q         ;                ; tonegen:tonegen_1|Mult0~1650               ; AX               ;                       ;
; tonegen:tonegen_1|counter[31]~_Duplicate_1 ; Duplicated      ; Register Packing                                  ; Timing optimization        ; Q         ;                ; tonegen:tonegen_1|counter[31]~_Duplicate_2 ; Q                ;                       ;
; tonegen:tonegen_1|counter[32]              ; Packed Register ; Register Packing                                  ; Timing optimization        ; Q         ;                ; tonegen:tonegen_1|Mult0~836                ; AX               ;                       ;
; tonegen:tonegen_1|counter[32]              ; Duplicated      ; Register Packing                                  ; Timing optimization        ; Q         ;                ; tonegen:tonegen_1|counter[32]~_Duplicate_1 ; Q                ;                       ;
; tonegen:tonegen_1|counter[32]~SCLR_LUT     ; Created         ; Register Packing                                  ; Timing optimization        ;           ;                ;                                            ;                  ;                       ;
; tonegen:tonegen_1|counter[32]~_Duplicate_1 ; Packed Register ; Register Packing                                  ; Timing optimization        ; Q         ;                ; tonegen:tonegen_1|Mult0~1650               ; AX               ;                       ;
; tonegen:tonegen_1|counter[32]~_Duplicate_1 ; Duplicated      ; Register Packing                                  ; Timing optimization        ; Q         ;                ; tonegen:tonegen_1|counter[32]~_Duplicate_2 ; Q                ;                       ;
; tonegen:tonegen_1|counter[33]              ; Packed Register ; Register Packing                                  ; Timing optimization        ; Q         ;                ; tonegen:tonegen_1|Mult0~836                ; AX               ;                       ;
; tonegen:tonegen_1|counter[33]              ; Duplicated      ; Register Packing                                  ; Timing optimization        ; Q         ;                ; tonegen:tonegen_1|counter[33]~_Duplicate_1 ; Q                ;                       ;
; tonegen:tonegen_1|counter[33]~SCLR_LUT     ; Created         ; Register Packing                                  ; Timing optimization        ;           ;                ;                                            ;                  ;                       ;
; tonegen:tonegen_1|counter[33]~_Duplicate_1 ; Packed Register ; Register Packing                                  ; Timing optimization        ; Q         ;                ; tonegen:tonegen_1|Mult0~1650               ; AX               ;                       ;
; tonegen:tonegen_1|counter[33]~_Duplicate_1 ; Duplicated      ; Register Packing                                  ; Timing optimization        ; Q         ;                ; tonegen:tonegen_1|counter[33]~_Duplicate_2 ; Q                ;                       ;
; tonegen:tonegen_1|counter[34]              ; Packed Register ; Register Packing                                  ; Timing optimization        ; Q         ;                ; tonegen:tonegen_1|Mult0~836                ; AX               ;                       ;
; tonegen:tonegen_1|counter[34]              ; Duplicated      ; Register Packing                                  ; Timing optimization        ; Q         ;                ; tonegen:tonegen_1|counter[34]~_Duplicate_1 ; Q                ;                       ;
; tonegen:tonegen_1|counter[34]~SCLR_LUT     ; Created         ; Register Packing                                  ; Timing optimization        ;           ;                ;                                            ;                  ;                       ;
; tonegen:tonegen_1|counter[34]~_Duplicate_1 ; Packed Register ; Register Packing                                  ; Timing optimization        ; Q         ;                ; tonegen:tonegen_1|Mult0~1650               ; AX               ;                       ;
; tonegen:tonegen_1|counter[34]~_Duplicate_1 ; Duplicated      ; Register Packing                                  ; Timing optimization        ; Q         ;                ; tonegen:tonegen_1|counter[34]~_Duplicate_2 ; Q                ;                       ;
; tonegen:tonegen_1|counter[35]              ; Packed Register ; Register Packing                                  ; Timing optimization        ; Q         ;                ; tonegen:tonegen_1|Mult0~836                ; AX               ;                       ;
; tonegen:tonegen_1|counter[35]              ; Duplicated      ; Register Packing                                  ; Timing optimization        ; Q         ;                ; tonegen:tonegen_1|counter[35]~_Duplicate_1 ; Q                ;                       ;
; tonegen:tonegen_1|counter[35]~SCLR_LUT     ; Created         ; Register Packing                                  ; Timing optimization        ;           ;                ;                                            ;                  ;                       ;
; tonegen:tonegen_1|counter[35]~_Duplicate_1 ; Packed Register ; Register Packing                                  ; Timing optimization        ; Q         ;                ; tonegen:tonegen_1|Mult0~1650               ; AX               ;                       ;
; tonegen:tonegen_1|counter[35]~_Duplicate_1 ; Duplicated      ; Register Packing                                  ; Timing optimization        ; Q         ;                ; tonegen:tonegen_1|counter[35]~_Duplicate_2 ; Q                ;                       ;
; tonegen:tonegen_1|counter[36]              ; Packed Register ; Register Packing                                  ; Timing optimization        ; Q         ;                ; tonegen:tonegen_1|Mult0~836                ; AX               ;                       ;
; tonegen:tonegen_1|counter[36]              ; Duplicated      ; Register Packing                                  ; Timing optimization        ; Q         ;                ; tonegen:tonegen_1|counter[36]~_Duplicate_1 ; Q                ;                       ;
; tonegen:tonegen_1|counter[36]~SCLR_LUT     ; Created         ; Register Packing                                  ; Timing optimization        ;           ;                ;                                            ;                  ;                       ;
; tonegen:tonegen_1|counter[36]~_Duplicate_1 ; Packed Register ; Register Packing                                  ; Timing optimization        ; Q         ;                ; tonegen:tonegen_1|Mult0~1650               ; AX               ;                       ;
; tonegen:tonegen_1|counter[36]~_Duplicate_1 ; Duplicated      ; Register Packing                                  ; Timing optimization        ; Q         ;                ; tonegen:tonegen_1|counter[36]~_Duplicate_2 ; Q                ;                       ;
; tonegen:tonegen_1|counter[37]              ; Packed Register ; Register Packing                                  ; Timing optimization        ; Q         ;                ; tonegen:tonegen_1|Mult0~836                ; AX               ;                       ;
; tonegen:tonegen_1|counter[37]              ; Duplicated      ; Register Packing                                  ; Timing optimization        ; Q         ;                ; tonegen:tonegen_1|counter[37]~_Duplicate_1 ; Q                ;                       ;
; tonegen:tonegen_1|counter[37]~SCLR_LUT     ; Created         ; Register Packing                                  ; Timing optimization        ;           ;                ;                                            ;                  ;                       ;
; tonegen:tonegen_1|counter[37]~_Duplicate_1 ; Packed Register ; Register Packing                                  ; Timing optimization        ; Q         ;                ; tonegen:tonegen_1|Mult0~1650               ; AX               ;                       ;
; tonegen:tonegen_1|counter[37]~_Duplicate_1 ; Duplicated      ; Register Packing                                  ; Timing optimization        ; Q         ;                ; tonegen:tonegen_1|counter[37]~_Duplicate_2 ; Q                ;                       ;
; tonegen:tonegen_1|counter[38]              ; Packed Register ; Register Packing                                  ; Timing optimization        ; Q         ;                ; tonegen:tonegen_1|Mult0~836                ; AX               ;                       ;
; tonegen:tonegen_1|counter[38]              ; Duplicated      ; Register Packing                                  ; Timing optimization        ; Q         ;                ; tonegen:tonegen_1|counter[38]~_Duplicate_1 ; Q                ;                       ;
; tonegen:tonegen_1|counter[38]~SCLR_LUT     ; Created         ; Register Packing                                  ; Timing optimization        ;           ;                ;                                            ;                  ;                       ;
; tonegen:tonegen_1|counter[38]~_Duplicate_1 ; Packed Register ; Register Packing                                  ; Timing optimization        ; Q         ;                ; tonegen:tonegen_1|Mult0~1650               ; AX               ;                       ;
; tonegen:tonegen_1|counter[38]~_Duplicate_1 ; Duplicated      ; Register Packing                                  ; Timing optimization        ; Q         ;                ; tonegen:tonegen_1|counter[38]~_Duplicate_2 ; Q                ;                       ;
; tonegen:tonegen_1|counter[39]              ; Packed Register ; Register Packing                                  ; Timing optimization        ; Q         ;                ; tonegen:tonegen_1|Mult0~836                ; AX               ;                       ;
; tonegen:tonegen_1|counter[39]              ; Duplicated      ; Register Packing                                  ; Timing optimization        ; Q         ;                ; tonegen:tonegen_1|counter[39]~_Duplicate_1 ; Q                ;                       ;
; tonegen:tonegen_1|counter[39]~SCLR_LUT     ; Created         ; Register Packing                                  ; Timing optimization        ;           ;                ;                                            ;                  ;                       ;
; tonegen:tonegen_1|counter[39]~_Duplicate_1 ; Packed Register ; Register Packing                                  ; Timing optimization        ; Q         ;                ; tonegen:tonegen_1|Mult0~1650               ; AX               ;                       ;
; tonegen:tonegen_1|counter[39]~_Duplicate_1 ; Duplicated      ; Register Packing                                  ; Timing optimization        ; Q         ;                ; tonegen:tonegen_1|counter[39]~_Duplicate_2 ; Q                ;                       ;
; tonegen:tonegen_1|counter[40]              ; Packed Register ; Register Packing                                  ; Timing optimization        ; Q         ;                ; tonegen:tonegen_1|Mult0~836                ; AX               ;                       ;
; tonegen:tonegen_1|counter[40]              ; Duplicated      ; Register Packing                                  ; Timing optimization        ; Q         ;                ; tonegen:tonegen_1|counter[40]~_Duplicate_1 ; Q                ;                       ;
; tonegen:tonegen_1|counter[40]~SCLR_LUT     ; Created         ; Register Packing                                  ; Timing optimization        ;           ;                ;                                            ;                  ;                       ;
; tonegen:tonegen_1|counter[40]~_Duplicate_1 ; Packed Register ; Register Packing                                  ; Timing optimization        ; Q         ;                ; tonegen:tonegen_1|Mult0~1650               ; AX               ;                       ;
; tonegen:tonegen_1|counter[40]~_Duplicate_1 ; Duplicated      ; Register Packing                                  ; Timing optimization        ; Q         ;                ; tonegen:tonegen_1|counter[40]~_Duplicate_2 ; Q                ;                       ;
; tonegen:tonegen_1|counter[41]              ; Packed Register ; Register Packing                                  ; Timing optimization        ; Q         ;                ; tonegen:tonegen_1|Mult0~836                ; AX               ;                       ;
; tonegen:tonegen_1|counter[41]              ; Duplicated      ; Register Packing                                  ; Timing optimization        ; Q         ;                ; tonegen:tonegen_1|counter[41]~_Duplicate_1 ; Q                ;                       ;
; tonegen:tonegen_1|counter[41]~SCLR_LUT     ; Created         ; Register Packing                                  ; Timing optimization        ;           ;                ;                                            ;                  ;                       ;
; tonegen:tonegen_1|counter[41]~_Duplicate_1 ; Packed Register ; Register Packing                                  ; Timing optimization        ; Q         ;                ; tonegen:tonegen_1|Mult0~1650               ; AX               ;                       ;
; tonegen:tonegen_1|counter[41]~_Duplicate_1 ; Duplicated      ; Register Packing                                  ; Timing optimization        ; Q         ;                ; tonegen:tonegen_1|counter[41]~_Duplicate_2 ; Q                ;                       ;
; tonegen:tonegen_1|counter[42]              ; Packed Register ; Register Packing                                  ; Timing optimization        ; Q         ;                ; tonegen:tonegen_1|Mult0~836                ; AX               ;                       ;
; tonegen:tonegen_1|counter[42]              ; Duplicated      ; Register Packing                                  ; Timing optimization        ; Q         ;                ; tonegen:tonegen_1|counter[42]~_Duplicate_1 ; Q                ;                       ;
; tonegen:tonegen_1|counter[42]~SCLR_LUT     ; Created         ; Register Packing                                  ; Timing optimization        ;           ;                ;                                            ;                  ;                       ;
; tonegen:tonegen_1|counter[42]~_Duplicate_1 ; Packed Register ; Register Packing                                  ; Timing optimization        ; Q         ;                ; tonegen:tonegen_1|Mult0~1650               ; AX               ;                       ;
; tonegen:tonegen_1|counter[42]~_Duplicate_1 ; Duplicated      ; Register Packing                                  ; Timing optimization        ; Q         ;                ; tonegen:tonegen_1|counter[42]~_Duplicate_2 ; Q                ;                       ;
; tonegen:tonegen_1|counter[43]              ; Packed Register ; Register Packing                                  ; Timing optimization        ; Q         ;                ; tonegen:tonegen_1|Mult0~836                ; AX               ;                       ;
; tonegen:tonegen_1|counter[43]              ; Duplicated      ; Register Packing                                  ; Timing optimization        ; Q         ;                ; tonegen:tonegen_1|counter[43]~_Duplicate_1 ; Q                ;                       ;
; tonegen:tonegen_1|counter[43]~SCLR_LUT     ; Created         ; Register Packing                                  ; Timing optimization        ;           ;                ;                                            ;                  ;                       ;
; tonegen:tonegen_1|counter[43]~_Duplicate_1 ; Packed Register ; Register Packing                                  ; Timing optimization        ; Q         ;                ; tonegen:tonegen_1|Mult0~1650               ; AX               ;                       ;
; tonegen:tonegen_1|counter[43]~_Duplicate_1 ; Duplicated      ; Register Packing                                  ; Timing optimization        ; Q         ;                ; tonegen:tonegen_1|counter[43]~_Duplicate_2 ; Q                ;                       ;
; tonegen:tonegen_1|counter[44]              ; Packed Register ; Register Packing                                  ; Timing optimization        ; Q         ;                ; tonegen:tonegen_1|Mult0~836                ; AX               ;                       ;
; tonegen:tonegen_1|counter[44]              ; Duplicated      ; Register Packing                                  ; Timing optimization        ; Q         ;                ; tonegen:tonegen_1|counter[44]~_Duplicate_1 ; Q                ;                       ;
; tonegen:tonegen_1|counter[44]~SCLR_LUT     ; Created         ; Register Packing                                  ; Timing optimization        ;           ;                ;                                            ;                  ;                       ;
; tonegen:tonegen_1|counter[44]~_Duplicate_1 ; Packed Register ; Register Packing                                  ; Timing optimization        ; Q         ;                ; tonegen:tonegen_1|Mult0~1650               ; AX               ;                       ;
; tonegen:tonegen_1|counter[44]~_Duplicate_1 ; Duplicated      ; Register Packing                                  ; Timing optimization        ; Q         ;                ; tonegen:tonegen_1|counter[44]~_Duplicate_2 ; Q                ;                       ;
; tonegen:tonegen_1|counter[45]              ; Packed Register ; Register Packing                                  ; Timing optimization        ; Q         ;                ; tonegen:tonegen_1|Mult0~836                ; AX               ;                       ;
; tonegen:tonegen_1|counter[45]              ; Duplicated      ; Register Packing                                  ; Timing optimization        ; Q         ;                ; tonegen:tonegen_1|counter[45]~_Duplicate_1 ; Q                ;                       ;
; tonegen:tonegen_1|counter[45]~SCLR_LUT     ; Created         ; Register Packing                                  ; Timing optimization        ;           ;                ;                                            ;                  ;                       ;
; tonegen:tonegen_1|counter[45]~_Duplicate_1 ; Packed Register ; Register Packing                                  ; Timing optimization        ; Q         ;                ; tonegen:tonegen_1|Mult0~1650               ; AX               ;                       ;
; tonegen:tonegen_1|counter[45]~_Duplicate_1 ; Duplicated      ; Register Packing                                  ; Timing optimization        ; Q         ;                ; tonegen:tonegen_1|counter[45]~_Duplicate_2 ; Q                ;                       ;
; tonegen:tonegen_1|counter[46]              ; Packed Register ; Register Packing                                  ; Timing optimization        ; Q         ;                ; tonegen:tonegen_1|Mult0~836                ; AX               ;                       ;
; tonegen:tonegen_1|counter[46]              ; Duplicated      ; Register Packing                                  ; Timing optimization        ; Q         ;                ; tonegen:tonegen_1|counter[46]~_Duplicate_1 ; Q                ;                       ;
; tonegen:tonegen_1|counter[46]~SCLR_LUT     ; Created         ; Register Packing                                  ; Timing optimization        ;           ;                ;                                            ;                  ;                       ;
; tonegen:tonegen_1|counter[46]~_Duplicate_1 ; Packed Register ; Register Packing                                  ; Timing optimization        ; Q         ;                ; tonegen:tonegen_1|Mult0~1650               ; AX               ;                       ;
; tonegen:tonegen_1|counter[46]~_Duplicate_1 ; Duplicated      ; Register Packing                                  ; Timing optimization        ; Q         ;                ; tonegen:tonegen_1|counter[46]~_Duplicate_2 ; Q                ;                       ;
; tonegen:tonegen_1|counter[47]              ; Packed Register ; Register Packing                                  ; Timing optimization        ; Q         ;                ; tonegen:tonegen_1|Mult0~836                ; AX               ;                       ;
; tonegen:tonegen_1|counter[47]              ; Duplicated      ; Register Packing                                  ; Timing optimization        ; Q         ;                ; tonegen:tonegen_1|counter[47]~_Duplicate_1 ; Q                ;                       ;
; tonegen:tonegen_1|counter[47]~SCLR_LUT     ; Created         ; Register Packing                                  ; Timing optimization        ;           ;                ;                                            ;                  ;                       ;
; tonegen:tonegen_1|counter[47]~_Duplicate_1 ; Packed Register ; Register Packing                                  ; Timing optimization        ; Q         ;                ; tonegen:tonegen_1|Mult0~1650               ; AX               ;                       ;
; tonegen:tonegen_1|counter[47]~_Duplicate_1 ; Duplicated      ; Register Packing                                  ; Timing optimization        ; Q         ;                ; tonegen:tonegen_1|counter[47]~_Duplicate_2 ; Q                ;                       ;
; tonegen:tonegen_1|counter[48]              ; Packed Register ; Register Packing                                  ; Timing optimization        ; Q         ;                ; tonegen:tonegen_1|Mult0~836                ; AX               ;                       ;
; tonegen:tonegen_1|counter[48]              ; Duplicated      ; Register Packing                                  ; Timing optimization        ; Q         ;                ; tonegen:tonegen_1|counter[48]~_Duplicate_1 ; Q                ;                       ;
; tonegen:tonegen_1|counter[48]~SCLR_LUT     ; Created         ; Register Packing                                  ; Timing optimization        ;           ;                ;                                            ;                  ;                       ;
; tonegen:tonegen_1|counter[48]~_Duplicate_1 ; Packed Register ; Register Packing                                  ; Timing optimization        ; Q         ;                ; tonegen:tonegen_1|Mult0~1650               ; AX               ;                       ;
; tonegen:tonegen_1|counter[48]~_Duplicate_1 ; Duplicated      ; Register Packing                                  ; Timing optimization        ; Q         ;                ; tonegen:tonegen_1|counter[48]~_Duplicate_2 ; Q                ;                       ;
; tonegen:tonegen_1|counter[49]              ; Packed Register ; Register Packing                                  ; Timing optimization        ; Q         ;                ; tonegen:tonegen_1|Mult0~836                ; AX               ;                       ;
; tonegen:tonegen_1|counter[49]              ; Duplicated      ; Register Packing                                  ; Timing optimization        ; Q         ;                ; tonegen:tonegen_1|counter[49]~_Duplicate_1 ; Q                ;                       ;
; tonegen:tonegen_1|counter[49]~SCLR_LUT     ; Created         ; Register Packing                                  ; Timing optimization        ;           ;                ;                                            ;                  ;                       ;
; tonegen:tonegen_1|counter[49]~_Duplicate_1 ; Packed Register ; Register Packing                                  ; Timing optimization        ; Q         ;                ; tonegen:tonegen_1|Mult0~1650               ; AX               ;                       ;
; tonegen:tonegen_1|counter[49]~_Duplicate_1 ; Duplicated      ; Register Packing                                  ; Timing optimization        ; Q         ;                ; tonegen:tonegen_1|counter[49]~_Duplicate_2 ; Q                ;                       ;
; tonegen:tonegen_1|counter[50]              ; Packed Register ; Register Packing                                  ; Timing optimization        ; Q         ;                ; tonegen:tonegen_1|Mult0~836                ; AX               ;                       ;
; tonegen:tonegen_1|counter[50]              ; Duplicated      ; Register Packing                                  ; Timing optimization        ; Q         ;                ; tonegen:tonegen_1|counter[50]~_Duplicate_1 ; Q                ;                       ;
; tonegen:tonegen_1|counter[50]~SCLR_LUT     ; Created         ; Register Packing                                  ; Timing optimization        ;           ;                ;                                            ;                  ;                       ;
; tonegen:tonegen_1|counter[50]~_Duplicate_1 ; Packed Register ; Register Packing                                  ; Timing optimization        ; Q         ;                ; tonegen:tonegen_1|Mult0~1650               ; AX               ;                       ;
; tonegen:tonegen_1|counter[50]~_Duplicate_1 ; Duplicated      ; Register Packing                                  ; Timing optimization        ; Q         ;                ; tonegen:tonegen_1|counter[50]~_Duplicate_2 ; Q                ;                       ;
; tonegen:tonegen_1|counter[51]              ; Packed Register ; Register Packing                                  ; Timing optimization        ; Q         ;                ; tonegen:tonegen_1|Mult0~836                ; AX               ;                       ;
; tonegen:tonegen_1|counter[51]              ; Duplicated      ; Register Packing                                  ; Timing optimization        ; Q         ;                ; tonegen:tonegen_1|counter[51]~_Duplicate_1 ; Q                ;                       ;
; tonegen:tonegen_1|counter[51]~SCLR_LUT     ; Created         ; Register Packing                                  ; Timing optimization        ;           ;                ;                                            ;                  ;                       ;
; tonegen:tonegen_1|counter[51]~_Duplicate_1 ; Packed Register ; Register Packing                                  ; Timing optimization        ; Q         ;                ; tonegen:tonegen_1|Mult0~1650               ; AX               ;                       ;
; tonegen:tonegen_1|counter[51]~_Duplicate_1 ; Duplicated      ; Register Packing                                  ; Timing optimization        ; Q         ;                ; tonegen:tonegen_1|counter[51]~_Duplicate_2 ; Q                ;                       ;
; tonegen:tonegen_1|counter[52]              ; Packed Register ; Register Packing                                  ; Timing optimization        ; Q         ;                ; tonegen:tonegen_1|Mult0~836                ; AX               ;                       ;
; tonegen:tonegen_1|counter[52]              ; Duplicated      ; Register Packing                                  ; Timing optimization        ; Q         ;                ; tonegen:tonegen_1|counter[52]~_Duplicate_1 ; Q                ;                       ;
; tonegen:tonegen_1|counter[52]~SCLR_LUT     ; Created         ; Register Packing                                  ; Timing optimization        ;           ;                ;                                            ;                  ;                       ;
; tonegen:tonegen_1|counter[52]~_Duplicate_1 ; Packed Register ; Register Packing                                  ; Timing optimization        ; Q         ;                ; tonegen:tonegen_1|Mult0~1650               ; AX               ;                       ;
; tonegen:tonegen_1|counter[52]~_Duplicate_1 ; Duplicated      ; Register Packing                                  ; Timing optimization        ; Q         ;                ; tonegen:tonegen_1|counter[52]~_Duplicate_2 ; Q                ;                       ;
; tonegen:tonegen_1|counter[53]              ; Packed Register ; Register Packing                                  ; Timing optimization        ; Q         ;                ; tonegen:tonegen_1|Mult0~836                ; AX               ;                       ;
; tonegen:tonegen_1|counter[53]              ; Duplicated      ; Register Packing                                  ; Timing optimization        ; Q         ;                ; tonegen:tonegen_1|counter[53]~_Duplicate_1 ; Q                ;                       ;
; tonegen:tonegen_1|counter[53]~SCLR_LUT     ; Created         ; Register Packing                                  ; Timing optimization        ;           ;                ;                                            ;                  ;                       ;
; tonegen:tonegen_1|counter[53]~_Duplicate_1 ; Packed Register ; Register Packing                                  ; Timing optimization        ; Q         ;                ; tonegen:tonegen_1|Mult0~1650               ; AX               ;                       ;
; tonegen:tonegen_1|counter[53]~_Duplicate_1 ; Duplicated      ; Register Packing                                  ; Timing optimization        ; Q         ;                ; tonegen:tonegen_1|counter[53]~_Duplicate_2 ; Q                ;                       ;
; tonegen:tonegen_1|counter[54]              ; Packed Register ; Register Packing                                  ; Timing optimization        ; Q         ;                ; tonegen:tonegen_1|Mult0~mult_h_mult_hlmac  ; AY               ;                       ;
; tonegen:tonegen_1|counter[54]              ; Duplicated      ; Register Packing                                  ; Timing optimization        ; Q         ;                ; tonegen:tonegen_1|counter[54]~_Duplicate_1 ; Q                ;                       ;
; tonegen:tonegen_1|counter[54]~SCLR_LUT     ; Created         ; Register Packing                                  ; Timing optimization        ;           ;                ;                                            ;                  ;                       ;
; tonegen:tonegen_1|counter[55]              ; Packed Register ; Register Packing                                  ; Timing optimization        ; Q         ;                ; tonegen:tonegen_1|Mult0~mult_h_mult_hlmac  ; AY               ;                       ;
; tonegen:tonegen_1|counter[55]              ; Duplicated      ; Register Packing                                  ; Timing optimization        ; Q         ;                ; tonegen:tonegen_1|counter[55]~_Duplicate_1 ; Q                ;                       ;
; tonegen:tonegen_1|counter[55]~SCLR_LUT     ; Created         ; Register Packing                                  ; Timing optimization        ;           ;                ;                                            ;                  ;                       ;
; tonegen:tonegen_1|counter[56]              ; Packed Register ; Register Packing                                  ; Timing optimization        ; Q         ;                ; tonegen:tonegen_1|Mult0~mult_h_mult_hlmac  ; AY               ;                       ;
; tonegen:tonegen_1|counter[56]              ; Duplicated      ; Register Packing                                  ; Timing optimization        ; Q         ;                ; tonegen:tonegen_1|counter[56]~_Duplicate_1 ; Q                ;                       ;
; tonegen:tonegen_1|counter[56]~SCLR_LUT     ; Created         ; Register Packing                                  ; Timing optimization        ;           ;                ;                                            ;                  ;                       ;
; tonegen:tonegen_1|counter[57]              ; Packed Register ; Register Packing                                  ; Timing optimization        ; Q         ;                ; tonegen:tonegen_1|Mult0~mult_h_mult_hlmac  ; AY               ;                       ;
; tonegen:tonegen_1|counter[57]              ; Duplicated      ; Register Packing                                  ; Timing optimization        ; Q         ;                ; tonegen:tonegen_1|counter[57]~_Duplicate_1 ; Q                ;                       ;
; tonegen:tonegen_1|counter[57]~SCLR_LUT     ; Created         ; Register Packing                                  ; Timing optimization        ;           ;                ;                                            ;                  ;                       ;
; tonegen:tonegen_1|counter[58]              ; Packed Register ; Register Packing                                  ; Timing optimization        ; Q         ;                ; tonegen:tonegen_1|Mult0~mult_h_mult_hlmac  ; AY               ;                       ;
; tonegen:tonegen_1|counter[58]              ; Duplicated      ; Register Packing                                  ; Timing optimization        ; Q         ;                ; tonegen:tonegen_1|counter[58]~_Duplicate_1 ; Q                ;                       ;
; tonegen:tonegen_1|counter[58]~SCLR_LUT     ; Created         ; Register Packing                                  ; Timing optimization        ;           ;                ;                                            ;                  ;                       ;
; tonegen:tonegen_1|counter[59]              ; Packed Register ; Register Packing                                  ; Timing optimization        ; Q         ;                ; tonegen:tonegen_1|Mult0~mult_h_mult_hlmac  ; AY               ;                       ;
; tonegen:tonegen_1|counter[59]              ; Duplicated      ; Register Packing                                  ; Timing optimization        ; Q         ;                ; tonegen:tonegen_1|counter[59]~_Duplicate_1 ; Q                ;                       ;
; tonegen:tonegen_1|counter[59]~SCLR_LUT     ; Created         ; Register Packing                                  ; Timing optimization        ;           ;                ;                                            ;                  ;                       ;
; tonegen:tonegen_1|counter[60]              ; Packed Register ; Register Packing                                  ; Timing optimization        ; Q         ;                ; tonegen:tonegen_1|Mult0~mult_h_mult_hlmac  ; AY               ;                       ;
; tonegen:tonegen_1|counter[60]              ; Duplicated      ; Register Packing                                  ; Timing optimization        ; Q         ;                ; tonegen:tonegen_1|counter[60]~_Duplicate_1 ; Q                ;                       ;
; tonegen:tonegen_1|counter[60]~SCLR_LUT     ; Created         ; Register Packing                                  ; Timing optimization        ;           ;                ;                                            ;                  ;                       ;
; tonegen:tonegen_1|counter[61]              ; Packed Register ; Register Packing                                  ; Timing optimization        ; Q         ;                ; tonegen:tonegen_1|Mult0~mult_h_mult_hlmac  ; AY               ;                       ;
; tonegen:tonegen_1|counter[61]              ; Duplicated      ; Register Packing                                  ; Timing optimization        ; Q         ;                ; tonegen:tonegen_1|counter[61]~_Duplicate_1 ; Q                ;                       ;
; tonegen:tonegen_1|counter[61]~SCLR_LUT     ; Created         ; Register Packing                                  ; Timing optimization        ;           ;                ;                                            ;                  ;                       ;
; tonegen:tonegen_1|counter[62]              ; Packed Register ; Register Packing                                  ; Timing optimization        ; Q         ;                ; tonegen:tonegen_1|Mult0~mult_h_mult_hlmac  ; AY               ;                       ;
; tonegen:tonegen_1|counter[62]              ; Duplicated      ; Register Packing                                  ; Timing optimization        ; Q         ;                ; tonegen:tonegen_1|counter[62]~_Duplicate_1 ; Q                ;                       ;
; tonegen:tonegen_1|counter[62]~SCLR_LUT     ; Created         ; Register Packing                                  ; Timing optimization        ;           ;                ;                                            ;                  ;                       ;
; tonegen:tonegen_1|counter[63]              ; Packed Register ; Register Packing                                  ; Timing optimization        ; Q         ;                ; tonegen:tonegen_1|Mult0~mult_h_mult_hlmac  ; AY               ;                       ;
; tonegen:tonegen_1|counter[63]              ; Duplicated      ; Register Packing                                  ; Timing optimization        ; Q         ;                ; tonegen:tonegen_1|counter[63]~_Duplicate_1 ; Q                ;                       ;
; tonegen:tonegen_1|counter[63]~SCLR_LUT     ; Created         ; Register Packing                                  ; Timing optimization        ;           ;                ;                                            ;                  ;                       ;
; enc2freq:enc2freq_2|bcd_count[0]           ; Duplicated      ; Router Logic Cell Insertion and Logic Duplication ; Routability optimization   ;           ;                ; enc2freq:enc2freq_2|bcd_count[0]~DUPLICATE ;                  ;                       ;
; enc2freq:enc2freq_2|bcd_count[1]           ; Duplicated      ; Router Logic Cell Insertion and Logic Duplication ; Routability optimization   ;           ;                ; enc2freq:enc2freq_2|bcd_count[1]~DUPLICATE ;                  ;                       ;
; enc2freq:enc2freq_2|bcd_count[2]           ; Duplicated      ; Router Logic Cell Insertion and Logic Duplication ; Routability optimization   ;           ;                ; enc2freq:enc2freq_2|bcd_count[2]~DUPLICATE ;                  ;                       ;
; enc2freq:enc2freq_2|bcd_count[3]           ; Duplicated      ; Router Logic Cell Insertion and Logic Duplication ; Routability optimization   ;           ;                ; enc2freq:enc2freq_2|bcd_count[3]~DUPLICATE ;                  ;                       ;
+--------------------------------------------+-----------------+---------------------------------------------------+----------------------------+-----------+----------------+--------------------------------------------+------------------+-----------------------+


+---------------------------------------------------------------------------------------------+
; Ignored Assignments                                                                         ;
+----------+----------------+--------------+-----------------+---------------+----------------+
; Name     ; Ignored Entity ; Ignored From ; Ignored To      ; Ignored Value ; Ignored Source ;
+----------+----------------+--------------+-----------------+---------------+----------------+
; Location ;                ;              ; ADC_CONVST      ; PIN_U9        ; QSF Assignment ;
; Location ;                ;              ; ADC_SCK         ; PIN_V10       ; QSF Assignment ;
; Location ;                ;              ; ADC_SDI         ; PIN_AC4       ; QSF Assignment ;
; Location ;                ;              ; ADC_SDO         ; PIN_AD4       ; QSF Assignment ;
; Location ;                ;              ; ARDUINO_IO[0]   ; PIN_AG13      ; QSF Assignment ;
; Location ;                ;              ; ARDUINO_IO[10]  ; PIN_AF15      ; QSF Assignment ;
; Location ;                ;              ; ARDUINO_IO[11]  ; PIN_AG16      ; QSF Assignment ;
; Location ;                ;              ; ARDUINO_IO[12]  ; PIN_AH11      ; QSF Assignment ;
; Location ;                ;              ; ARDUINO_IO[13]  ; PIN_AH12      ; QSF Assignment ;
; Location ;                ;              ; ARDUINO_IO[14]  ; PIN_AH9       ; QSF Assignment ;
; Location ;                ;              ; ARDUINO_IO[15]  ; PIN_AG11      ; QSF Assignment ;
; Location ;                ;              ; ARDUINO_IO[1]   ; PIN_AF13      ; QSF Assignment ;
; Location ;                ;              ; ARDUINO_IO[2]   ; PIN_AG10      ; QSF Assignment ;
; Location ;                ;              ; ARDUINO_IO[3]   ; PIN_AG9       ; QSF Assignment ;
; Location ;                ;              ; ARDUINO_IO[4]   ; PIN_U14       ; QSF Assignment ;
; Location ;                ;              ; ARDUINO_IO[5]   ; PIN_U13       ; QSF Assignment ;
; Location ;                ;              ; ARDUINO_IO[6]   ; PIN_AG8       ; QSF Assignment ;
; Location ;                ;              ; ARDUINO_IO[7]   ; PIN_AH8       ; QSF Assignment ;
; Location ;                ;              ; ARDUINO_IO[8]   ; PIN_AF17      ; QSF Assignment ;
; Location ;                ;              ; ARDUINO_IO[9]   ; PIN_AE15      ; QSF Assignment ;
; Location ;                ;              ; ARDUINO_RESET_N ; PIN_AH7       ; QSF Assignment ;
; Location ;                ;              ; FPGA_CLK1_50    ; PIN_V11       ; QSF Assignment ;
; Location ;                ;              ; FPGA_CLK2_50    ; PIN_Y13       ; QSF Assignment ;
; Location ;                ;              ; FPGA_CLK3_50    ; PIN_E11       ; QSF Assignment ;
; Location ;                ;              ; GPIO_0[0]       ; PIN_V12       ; QSF Assignment ;
; Location ;                ;              ; GPIO_0[10]      ; PIN_T8        ; QSF Assignment ;
; Location ;                ;              ; GPIO_0[11]      ; PIN_T12       ; QSF Assignment ;
; Location ;                ;              ; GPIO_0[12]      ; PIN_AH5       ; QSF Assignment ;
; Location ;                ;              ; GPIO_0[13]      ; PIN_AH6       ; QSF Assignment ;
; Location ;                ;              ; GPIO_0[14]      ; PIN_AH4       ; QSF Assignment ;
; Location ;                ;              ; GPIO_0[15]      ; PIN_AG5       ; QSF Assignment ;
; Location ;                ;              ; GPIO_0[16]      ; PIN_AH3       ; QSF Assignment ;
; Location ;                ;              ; GPIO_0[17]      ; PIN_AH2       ; QSF Assignment ;
; Location ;                ;              ; GPIO_0[18]      ; PIN_AF4       ; QSF Assignment ;
; Location ;                ;              ; GPIO_0[19]      ; PIN_AG6       ; QSF Assignment ;
; Location ;                ;              ; GPIO_0[1]       ; PIN_AF7       ; QSF Assignment ;
; Location ;                ;              ; GPIO_0[20]      ; PIN_AF5       ; QSF Assignment ;
; Location ;                ;              ; GPIO_0[21]      ; PIN_AE4       ; QSF Assignment ;
; Location ;                ;              ; GPIO_0[22]      ; PIN_T13       ; QSF Assignment ;
; Location ;                ;              ; GPIO_0[23]      ; PIN_T11       ; QSF Assignment ;
; Location ;                ;              ; GPIO_0[24]      ; PIN_AE7       ; QSF Assignment ;
; Location ;                ;              ; GPIO_0[25]      ; PIN_AF6       ; QSF Assignment ;
; Location ;                ;              ; GPIO_0[26]      ; PIN_AF9       ; QSF Assignment ;
; Location ;                ;              ; GPIO_0[27]      ; PIN_AE8       ; QSF Assignment ;
; Location ;                ;              ; GPIO_0[28]      ; PIN_AD10      ; QSF Assignment ;
; Location ;                ;              ; GPIO_0[29]      ; PIN_AE9       ; QSF Assignment ;
; Location ;                ;              ; GPIO_0[2]       ; PIN_W12       ; QSF Assignment ;
; Location ;                ;              ; GPIO_0[30]      ; PIN_AD11      ; QSF Assignment ;
; Location ;                ;              ; GPIO_0[31]      ; PIN_AF10      ; QSF Assignment ;
; Location ;                ;              ; GPIO_0[32]      ; PIN_AD12      ; QSF Assignment ;
; Location ;                ;              ; GPIO_0[33]      ; PIN_AE11      ; QSF Assignment ;
; Location ;                ;              ; GPIO_0[34]      ; PIN_AF11      ; QSF Assignment ;
; Location ;                ;              ; GPIO_0[35]      ; PIN_AE12      ; QSF Assignment ;
; Location ;                ;              ; GPIO_0[3]       ; PIN_AF8       ; QSF Assignment ;
; Location ;                ;              ; GPIO_0[4]       ; PIN_Y8        ; QSF Assignment ;
; Location ;                ;              ; GPIO_0[5]       ; PIN_AB4       ; QSF Assignment ;
; Location ;                ;              ; GPIO_0[6]       ; PIN_W8        ; QSF Assignment ;
; Location ;                ;              ; GPIO_0[7]       ; PIN_Y4        ; QSF Assignment ;
; Location ;                ;              ; GPIO_0[8]       ; PIN_Y5        ; QSF Assignment ;
; Location ;                ;              ; GPIO_0[9]       ; PIN_U11       ; QSF Assignment ;
; Location ;                ;              ; GPIO_1[0]       ; PIN_Y15       ; QSF Assignment ;
; Location ;                ;              ; GPIO_1[10]      ; PIN_AG19      ; QSF Assignment ;
; Location ;                ;              ; GPIO_1[11]      ; PIN_AF20      ; QSF Assignment ;
; Location ;                ;              ; GPIO_1[12]      ; PIN_AC23      ; QSF Assignment ;
; Location ;                ;              ; GPIO_1[13]      ; PIN_AG18      ; QSF Assignment ;
; Location ;                ;              ; GPIO_1[14]      ; PIN_AH26      ; QSF Assignment ;
; Location ;                ;              ; GPIO_1[15]      ; PIN_AA19      ; QSF Assignment ;
; Location ;                ;              ; GPIO_1[16]      ; PIN_AG24      ; QSF Assignment ;
; Location ;                ;              ; GPIO_1[17]      ; PIN_AF25      ; QSF Assignment ;
; Location ;                ;              ; GPIO_1[18]      ; PIN_AH23      ; QSF Assignment ;
; Location ;                ;              ; GPIO_1[19]      ; PIN_AG23      ; QSF Assignment ;
; Location ;                ;              ; GPIO_1[1]       ; PIN_AG28      ; QSF Assignment ;
; Location ;                ;              ; GPIO_1[20]      ; PIN_AE19      ; QSF Assignment ;
; Location ;                ;              ; GPIO_1[21]      ; PIN_AF18      ; QSF Assignment ;
; Location ;                ;              ; GPIO_1[22]      ; PIN_AD19      ; QSF Assignment ;
; Location ;                ;              ; GPIO_1[23]      ; PIN_AE20      ; QSF Assignment ;
; Location ;                ;              ; GPIO_1[24]      ; PIN_AE24      ; QSF Assignment ;
; Location ;                ;              ; GPIO_1[25]      ; PIN_AD20      ; QSF Assignment ;
; Location ;                ;              ; GPIO_1[26]      ; PIN_AF22      ; QSF Assignment ;
; Location ;                ;              ; GPIO_1[27]      ; PIN_AH22      ; QSF Assignment ;
; Location ;                ;              ; GPIO_1[28]      ; PIN_AH19      ; QSF Assignment ;
; Location ;                ;              ; GPIO_1[29]      ; PIN_AH21      ; QSF Assignment ;
; Location ;                ;              ; GPIO_1[2]       ; PIN_AA15      ; QSF Assignment ;
; Location ;                ;              ; GPIO_1[30]      ; PIN_AG21      ; QSF Assignment ;
; Location ;                ;              ; GPIO_1[31]      ; PIN_AH18      ; QSF Assignment ;
; Location ;                ;              ; GPIO_1[32]      ; PIN_AD23      ; QSF Assignment ;
; Location ;                ;              ; GPIO_1[33]      ; PIN_AE23      ; QSF Assignment ;
; Location ;                ;              ; GPIO_1[34]      ; PIN_AA18      ; QSF Assignment ;
; Location ;                ;              ; GPIO_1[35]      ; PIN_AC22      ; QSF Assignment ;
; Location ;                ;              ; GPIO_1[3]       ; PIN_AH27      ; QSF Assignment ;
; Location ;                ;              ; GPIO_1[4]       ; PIN_AG26      ; QSF Assignment ;
; Location ;                ;              ; GPIO_1[5]       ; PIN_AH24      ; QSF Assignment ;
; Location ;                ;              ; GPIO_1[6]       ; PIN_AF23      ; QSF Assignment ;
; Location ;                ;              ; GPIO_1[7]       ; PIN_AE22      ; QSF Assignment ;
; Location ;                ;              ; GPIO_1[8]       ; PIN_AF21      ; QSF Assignment ;
; Location ;                ;              ; GPIO_1[9]       ; PIN_AG20      ; QSF Assignment ;
; Location ;                ;              ; KEY[0]          ; PIN_AH17      ; QSF Assignment ;
; Location ;                ;              ; KEY[1]          ; PIN_AH16      ; QSF Assignment ;
; Location ;                ;              ; LED[0]          ; PIN_W15       ; QSF Assignment ;
; Location ;                ;              ; LED[1]          ; PIN_AA24      ; QSF Assignment ;
; Location ;                ;              ; LED[2]          ; PIN_V16       ; QSF Assignment ;
; Location ;                ;              ; LED[3]          ; PIN_V15       ; QSF Assignment ;
; Location ;                ;              ; LED[4]          ; PIN_AF26      ; QSF Assignment ;
; Location ;                ;              ; LED[5]          ; PIN_AE26      ; QSF Assignment ;
; Location ;                ;              ; LED[6]          ; PIN_Y16       ; QSF Assignment ;
; Location ;                ;              ; LED[7]          ; PIN_AA23      ; QSF Assignment ;
; Location ;                ;              ; SW[0]           ; PIN_L10       ; QSF Assignment ;
; Location ;                ;              ; SW[1]           ; PIN_L9        ; QSF Assignment ;
; Location ;                ;              ; SW[2]           ; PIN_H6        ; QSF Assignment ;
; Location ;                ;              ; SW[3]           ; PIN_H5        ; QSF Assignment ;
; Location ;                ;              ; blue            ; PIN_AH26      ; QSF Assignment ;
; Location ;                ;              ; colon           ; PIN_AE22      ; QSF Assignment ;
; Location ;                ;              ; colon_en_n      ; PIN_AD20      ; QSF Assignment ;
; Location ;                ;              ; enc1_a          ; PIN_AC22      ; QSF Assignment ;
; Location ;                ;              ; enc1_b          ; PIN_AE23      ; QSF Assignment ;
; Location ;                ;              ; green           ; PIN_AC23      ; QSF Assignment ;
; Location ;                ;              ; lcd_cs          ; PIN_Y15       ; QSF Assignment ;
; Location ;                ;              ; lcd_rs          ; PIN_AD19      ; QSF Assignment ;
; Location ;                ;              ; lcd_rst         ; PIN_AG26      ; QSF Assignment ;
; Location ;                ;              ; lcd_scl         ; PIN_AF22      ; QSF Assignment ;
; Location ;                ;              ; lcd_sda         ; PIN_AA15      ; QSF Assignment ;
; Location ;                ;              ; point           ; PIN_AF11      ; QSF Assignment ;
; Location ;                ;              ; red             ; PIN_AG19      ; QSF Assignment ;
+----------+----------------+--------------+-----------------+---------------+----------------+


+--------------------------------------------------------------------------------------------------+
; Incremental Compilation Preservation Summary                                                     ;
+---------------------+--------------------+----------------------------+--------------------------+
; Type                ; Total [A + B]      ; From Design Partitions [A] ; From Rapid Recompile [B] ;
+---------------------+--------------------+----------------------------+--------------------------+
; Placement (by node) ;                    ;                            ;                          ;
;     -- Requested    ; 0.00 % ( 0 / 526 ) ; 0.00 % ( 0 / 526 )         ; 0.00 % ( 0 / 526 )       ;
;     -- Achieved     ; 0.00 % ( 0 / 526 ) ; 0.00 % ( 0 / 526 )         ; 0.00 % ( 0 / 526 )       ;
;                     ;                    ;                            ;                          ;
; Routing (by net)    ;                    ;                            ;                          ;
;     -- Requested    ; 0.00 % ( 0 / 0 )   ; 0.00 % ( 0 / 0 )           ; 0.00 % ( 0 / 0 )         ;
;     -- Achieved     ; 0.00 % ( 0 / 0 )   ; 0.00 % ( 0 / 0 )           ; 0.00 % ( 0 / 0 )         ;
+---------------------+--------------------+----------------------------+--------------------------+


+----------------------------------------------------------------------------------------------------------------------------------------------------------------------------------------+
; Incremental Compilation Partition Settings                                                                                                                                             ;
+--------------------------------+----------------+-------------------+-------------------------+------------------------+------------------------------+--------------------------------+
; Partition Name                 ; Partition Type ; Netlist Type Used ; Preservation Level Used ; Netlist Type Requested ; Preservation Level Requested ; Contents                       ;
+--------------------------------+----------------+-------------------+-------------------------+------------------------+------------------------------+--------------------------------+
; Top                            ; User-created   ; Source File       ; N/A                     ; Source File            ; N/A                          ;                                ;
; hard_block:auto_generated_inst ; Auto-generated ; Source File       ; N/A                     ; Source File            ; N/A                          ; hard_block:auto_generated_inst ;
+--------------------------------+----------------+-------------------+-------------------------+------------------------+------------------------------+--------------------------------+


+------------------------------------------------------------------------------------------------------------------------------------+
; Incremental Compilation Placement Preservation                                                                                     ;
+--------------------------------+-----------------------+-------------------------+-------------------+---------------------+-------+
; Partition Name                 ; Preservation Achieved ; Preservation Level Used ; Netlist Type Used ; Preservation Method ; Notes ;
+--------------------------------+-----------------------+-------------------------+-------------------+---------------------+-------+
; Top                            ; 0.00 % ( 0 / 526 )    ; N/A                     ; Source File       ; N/A                 ;       ;
; hard_block:auto_generated_inst ; 0.00 % ( 0 / 0 )      ; N/A                     ; Source File       ; N/A                 ;       ;
+--------------------------------+-----------------------+-------------------------+-------------------+---------------------+-------+


+--------------+
; Pin-Out File ;
+--------------+
The pin-out file can be found in C:/SHAMM/github repos/RFID-NFC-FPGA-Project/Quartus 18-1 Project Files/output_files/PN532-FireLinkBridge.pin.


+------------------------------------------------------------------------------------------+
; Fitter Resource Usage Summary                                                            ;
+-------------------------------------------------------------+--------------------+-------+
; Resource                                                    ; Usage              ; %     ;
+-------------------------------------------------------------+--------------------+-------+
; Logic utilization (ALMs needed / total ALMs on device)      ; 243 / 15,880       ; 2 %   ;
; ALMs needed [=A-B+C]                                        ; 243                ;       ;
;     [A] ALMs used in final placement [=a+b+c+d]             ; 254 / 15,880       ; 2 %   ;
;         [a] ALMs used for LUT logic and registers           ; 51                 ;       ;
;         [b] ALMs used for LUT logic                         ; 196                ;       ;
;         [c] ALMs used for registers                         ; 7                  ;       ;
;         [d] ALMs used for memory (up to half of total ALMs) ; 0                  ;       ;
;     [B] Estimate of ALMs recoverable by dense packing       ; 12 / 15,880        ; < 1 % ;
;     [C] Estimate of ALMs unavailable [=a+b+c+d]             ; 1 / 15,880         ; < 1 % ;
;         [a] Due to location constrained logic               ; 0                  ;       ;
;         [b] Due to LAB-wide signal conflicts                ; 0                  ;       ;
;         [c] Due to LAB input limits                         ; 1                  ;       ;
;         [d] Due to virtual I/Os                             ; 0                  ;       ;
;                                                             ;                    ;       ;
; Difficulty packing design                                   ; Low                ;       ;
;                                                             ;                    ;       ;
; Total LABs:  partially or completely used                   ; 48 / 1,588         ; 3 %   ;
;     -- Logic LABs                                           ; 48                 ;       ;
;     -- Memory LABs (up to half of total LABs)               ; 0                  ;       ;
;                                                             ;                    ;       ;
; Combinational ALUT usage for logic                          ; 427                ;       ;
;     -- 7 input functions                                    ; 3                  ;       ;
;     -- 6 input functions                                    ; 73                 ;       ;
;     -- 5 input functions                                    ; 22                 ;       ;
;     -- 4 input functions                                    ; 34                 ;       ;
;     -- <=3 input functions                                  ; 295                ;       ;
; Combinational ALUT usage for route-throughs                 ; 5                  ;       ;
;                                                             ;                    ;       ;
; Dedicated logic registers                                   ; 119                ;       ;
;     -- By type:                                             ;                    ;       ;
;         -- Primary logic registers                          ; 115 / 31,760       ; < 1 % ;
;         -- Secondary logic registers                        ; 4 / 31,760         ; < 1 % ;
;     -- By function:                                         ;                    ;       ;
;         -- Design implementation registers                  ; 115                ;       ;
;         -- Routing optimization registers                   ; 4                  ;       ;
;                                                             ;                    ;       ;
; Virtual pins                                                ; 0                  ;       ;
; I/O pins                                                    ; 20 / 314           ; 6 %   ;
;     -- Clock pins                                           ; 1 / 6              ; 17 %  ;
;     -- Dedicated input pins                                 ; 0 / 21             ; 0 %   ;
;                                                             ;                    ;       ;
; Hard processor system peripheral utilization                ;                    ;       ;
;     -- Boot from FPGA                                       ; 0 / 1 ( 0 % )      ;       ;
;     -- Clock resets                                         ; 0 / 1 ( 0 % )      ;       ;
;     -- Cross trigger                                        ; 0 / 1 ( 0 % )      ;       ;
;     -- S2F AXI                                              ; 0 / 1 ( 0 % )      ;       ;
;     -- F2S AXI                                              ; 0 / 1 ( 0 % )      ;       ;
;     -- AXI Lightweight                                      ; 0 / 1 ( 0 % )      ;       ;
;     -- SDRAM                                                ; 0 / 1 ( 0 % )      ;       ;
;     -- Interrupts                                           ; 0 / 1 ( 0 % )      ;       ;
;     -- JTAG                                                 ; 0 / 1 ( 0 % )      ;       ;
;     -- Loan I/O                                             ; 0 / 1 ( 0 % )      ;       ;
;     -- MPU event standby                                    ; 0 / 1 ( 0 % )      ;       ;
;     -- MPU general purpose                                  ; 0 / 1 ( 0 % )      ;       ;
;     -- STM event                                            ; 0 / 1 ( 0 % )      ;       ;
;     -- TPIU trace                                           ; 0 / 1 ( 0 % )      ;       ;
;     -- DMA                                                  ; 0 / 1 ( 0 % )      ;       ;
;     -- CAN                                                  ; 0 / 2 ( 0 % )      ;       ;
;     -- EMAC                                                 ; 0 / 2 ( 0 % )      ;       ;
;     -- I2C                                                  ; 0 / 4 ( 0 % )      ;       ;
;     -- NAND Flash                                           ; 0 / 1 ( 0 % )      ;       ;
;     -- QSPI                                                 ; 0 / 1 ( 0 % )      ;       ;
;     -- SDMMC                                                ; 0 / 1 ( 0 % )      ;       ;
;     -- SPI Master                                           ; 0 / 2 ( 0 % )      ;       ;
;     -- SPI Slave                                            ; 0 / 2 ( 0 % )      ;       ;
;     -- UART                                                 ; 0 / 2 ( 0 % )      ;       ;
;     -- USB                                                  ; 0 / 2 ( 0 % )      ;       ;
;                                                             ;                    ;       ;
; M10K blocks                                                 ; 0 / 270            ; 0 %   ;
; Total MLAB memory bits                                      ; 0                  ;       ;
; Total block memory bits                                     ; 0 / 2,764,800      ; 0 %   ;
; Total block memory implementation bits                      ; 0 / 2,764,800      ; 0 %   ;
;                                                             ;                    ;       ;
; Total DSP Blocks                                            ; 6 / 84             ; 7 %   ;
;                                                             ;                    ;       ;
; Fractional PLLs                                             ; 0 / 5              ; 0 %   ;
; Global signals                                              ; 1                  ;       ;
;     -- Global clocks                                        ; 1 / 16             ; 6 %   ;
;     -- Quadrant clocks                                      ; 0 / 72             ; 0 %   ;
;     -- Horizontal periphery clocks                          ; 0 / 12             ; 0 %   ;
; SERDES Transmitters                                         ; 0 / 76             ; 0 %   ;
; SERDES Receivers                                            ; 0 / 76             ; 0 %   ;
; JTAGs                                                       ; 0 / 1              ; 0 %   ;
; ASMI blocks                                                 ; 0 / 1              ; 0 %   ;
; CRC blocks                                                  ; 0 / 1              ; 0 %   ;
; Remote update blocks                                        ; 0 / 1              ; 0 %   ;
; Oscillator blocks                                           ; 0 / 1              ; 0 %   ;
; Impedance control blocks                                    ; 0 / 3              ; 0 %   ;
; Hard Memory Controllers                                     ; 0 / 2              ; 0 %   ;
; Average interconnect usage (total/H/V)                      ; 1.1% / 1.1% / 0.9% ;       ;
; Peak interconnect usage (total/H/V)                         ; 9.5% / 9.4% / 9.9% ;       ;
; Maximum fan-out                                             ; 125                ;       ;
; Highest non-global fan-out                                  ; 64                 ;       ;
; Total fan-out                                               ; 1878               ;       ;
; Average fan-out                                             ; 3.14               ;       ;
+-------------------------------------------------------------+--------------------+-------+


+----------------------------------------------------------------------------------------------------------------------+
; Fitter Partition Statistics                                                                                          ;
+-------------------------------------------------------------+-----------------------+--------------------------------+
; Statistic                                                   ; Top                   ; hard_block:auto_generated_inst ;
+-------------------------------------------------------------+-----------------------+--------------------------------+
; Logic utilization (ALMs needed / total ALMs on device)      ; 243 / 15880 ( 2 % )   ; 0 / 15880 ( 0 % )              ;
; ALMs needed [=A-B+C]                                        ; 243                   ; 0                              ;
;     [A] ALMs used in final placement [=a+b+c+d]             ; 254 / 15880 ( 2 % )   ; 0 / 15880 ( 0 % )              ;
;         [a] ALMs used for LUT logic and registers           ; 51                    ; 0                              ;
;         [b] ALMs used for LUT logic                         ; 196                   ; 0                              ;
;         [c] ALMs used for registers                         ; 7                     ; 0                              ;
;         [d] ALMs used for memory (up to half of total ALMs) ; 0                     ; 0                              ;
;     [B] Estimate of ALMs recoverable by dense packing       ; 12 / 15880 ( < 1 % )  ; 0 / 15880 ( 0 % )              ;
;     [C] Estimate of ALMs unavailable [=a+b+c+d]             ; 1 / 15880 ( < 1 % )   ; 0 / 15880 ( 0 % )              ;
;         [a] Due to location constrained logic               ; 0                     ; 0                              ;
;         [b] Due to LAB-wide signal conflicts                ; 0                     ; 0                              ;
;         [c] Due to LAB input limits                         ; 1                     ; 0                              ;
;         [d] Due to virtual I/Os                             ; 0                     ; 0                              ;
;                                                             ;                       ;                                ;
; Difficulty packing design                                   ; Low                   ; Low                            ;
;                                                             ;                       ;                                ;
; Total LABs:  partially or completely used                   ; 48 / 1588 ( 3 % )     ; 0 / 1588 ( 0 % )               ;
;     -- Logic LABs                                           ; 48                    ; 0                              ;
;     -- Memory LABs (up to half of total LABs)               ; 0                     ; 0                              ;
;                                                             ;                       ;                                ;
; Combinational ALUT usage for logic                          ; 427                   ; 0                              ;
;     -- 7 input functions                                    ; 3                     ; 0                              ;
;     -- 6 input functions                                    ; 73                    ; 0                              ;
;     -- 5 input functions                                    ; 22                    ; 0                              ;
;     -- 4 input functions                                    ; 34                    ; 0                              ;
;     -- <=3 input functions                                  ; 295                   ; 0                              ;
; Combinational ALUT usage for route-throughs                 ; 5                     ; 0                              ;
; Memory ALUT usage                                           ; 0                     ; 0                              ;
;     -- 64-address deep                                      ; 0                     ; 0                              ;
;     -- 32-address deep                                      ; 0                     ; 0                              ;
;                                                             ;                       ;                                ;
; Dedicated logic registers                                   ; 0                     ; 0                              ;
;     -- By type:                                             ;                       ;                                ;
;         -- Primary logic registers                          ; 115 / 31760 ( < 1 % ) ; 0 / 31760 ( 0 % )              ;
;         -- Secondary logic registers                        ; 4 / 31760 ( < 1 % )   ; 0 / 31760 ( 0 % )              ;
;     -- By function:                                         ;                       ;                                ;
;         -- Design implementation registers                  ; 115                   ; 0                              ;
;         -- Routing optimization registers                   ; 4                     ; 0                              ;
;                                                             ;                       ;                                ;
;                                                             ;                       ;                                ;
; Virtual pins                                                ; 0                     ; 0                              ;
; I/O pins                                                    ; 20                    ; 0                              ;
; I/O registers                                               ; 0                     ; 0                              ;
; Total block memory bits                                     ; 0                     ; 0                              ;
; Total block memory implementation bits                      ; 0                     ; 0                              ;
; DSP block                                                   ; 6 / 84 ( 7 % )        ; 0 / 84 ( 0 % )                 ;
; Clock enable block                                          ; 1 / 110 ( < 1 % )     ; 0 / 110 ( 0 % )                ;
;                                                             ;                       ;                                ;
; Connections                                                 ;                       ;                                ;
;     -- Input Connections                                    ; 1                     ; 0                              ;
;     -- Registered Input Connections                         ; 0                     ; 0                              ;
;     -- Output Connections                                   ; 1                     ; 0                              ;
;     -- Registered Output Connections                        ; 0                     ; 0                              ;
;                                                             ;                       ;                                ;
; Internal Connections                                        ;                       ;                                ;
;     -- Total Connections                                    ; 1985                  ; 0                              ;
;     -- Registered Connections                               ; 401                   ; 0                              ;
;                                                             ;                       ;                                ;
; External Connections                                        ;                       ;                                ;
;     -- Top                                                  ; 2                     ; 0                              ;
;     -- hard_block:auto_generated_inst                       ; 0                     ; 0                              ;
;                                                             ;                       ;                                ;
; Partition Interface                                         ;                       ;                                ;
;     -- Input Ports                                          ; 5                     ; 0                              ;
;     -- Output Ports                                         ; 14                    ; 0                              ;
;     -- Bidir Ports                                          ; 1                     ; 0                              ;
;                                                             ;                       ;                                ;
; Registered Ports                                            ;                       ;                                ;
;     -- Registered Input Ports                               ; 0                     ; 0                              ;
;     -- Registered Output Ports                              ; 0                     ; 0                              ;
;                                                             ;                       ;                                ;
; Port Connectivity                                           ;                       ;                                ;
;     -- Input Ports driven by GND                            ; 0                     ; 0                              ;
;     -- Output Ports driven by GND                           ; 0                     ; 0                              ;
;     -- Input Ports driven by VCC                            ; 0                     ; 0                              ;
;     -- Output Ports driven by VCC                           ; 0                     ; 0                              ;
;     -- Input Ports with no Source                           ; 0                     ; 0                              ;
;     -- Output Ports with no Source                          ; 0                     ; 0                              ;
;     -- Input Ports with no Fanout                           ; 0                     ; 0                              ;
;     -- Output Ports with no Fanout                          ; 0                     ; 0                              ;
+-------------------------------------------------------------+-----------------------+--------------------------------+


+-----------------------------------------------------------------------------------------------------------------------------------------------------------------------------------------------------------------------------------------------------------------------------------------+
; Input Pins                                                                                                                                                                                                                                                                              ;
+----------+-------+----------+--------------+--------------+--------------+-----------------------+--------------------+--------+----------------+-----------------+----------+--------------+--------------+-------------+---------------------------+----------------------+-----------+
; Name     ; Pin # ; I/O Bank ; X coordinate ; Y coordinate ; Z coordinate ; Combinational Fan-Out ; Registered Fan-Out ; Global ; Input Register ; PCI I/O Enabled ; Bus Hold ; Weak Pull Up ; I/O Standard ; Termination ; Termination Control Block ; Location assigned by ; Slew Rate ;
+----------+-------+----------+--------------+--------------+--------------+-----------------------+--------------------+--------+----------------+-----------------+----------+--------------+--------------+-------------+---------------------------+----------------------+-----------+
; CLOCK_50 ; V11   ; 3B       ; 15           ; 0            ; 0            ; 125                   ; 0                  ; yes    ; no             ; no              ; no       ; Off          ; 2.5 V        ; Off         ; --                        ; User                 ; no        ;
; enc2_a   ; AH27  ; 4A       ; 65           ; 0            ; 51           ; 3                     ; 0                  ; no     ; no             ; no              ; no       ; On           ; 2.5 V        ; Off         ; --                        ; User                 ; no        ;
; enc2_b   ; AG28  ; 4A       ; 65           ; 0            ; 34           ; 3                     ; 0                  ; no     ; no             ; no              ; no       ; On           ; 2.5 V        ; Off         ; --                        ; User                 ; no        ;
; s1       ; AH23  ; 4A       ; 59           ; 0            ; 34           ; 1                     ; 0                  ; no     ; no             ; no              ; no       ; Off          ; 2.5 V        ; Off         ; --                        ; User                 ; no        ;
; s2       ; AE19  ; 4A       ; 48           ; 0            ; 40           ; 2                     ; 0                  ; no     ; no             ; no              ; no       ; Off          ; 2.5 V        ; Off         ; --                        ; User                 ; no        ;
+----------+-------+----------+--------------+--------------+--------------+-----------------------+--------------------+--------+----------------+-----------------+----------+--------------+--------------+-------------+---------------------------+----------------------+-----------+


+----------------------------------------------------------------------------------------------------------------------------------------------------------------------------------------------------------------------------------------------------------------------------------------------------------------------------------------------------------------------------------------------------------------------------------------------------------------------------------------------+
; Output Pins                                                                                                                                                                                                                                                                                                                                                                                                                                                                                  ;
+---------+-------+----------+--------------+--------------+--------------+-----------------+------------------------+-----------+-----------------+------------+---------------+----------+--------------+--------------+------------------+-----------------------------------+---------------------------+----------------------------+-----------------------------+---------------------+-----------------------------+----------------------+----------------------+---------------------+
; Name    ; Pin # ; I/O Bank ; X coordinate ; Y coordinate ; Z coordinate ; Output Register ; Output Enable Register ; Slew Rate ; PCI I/O Enabled ; Open Drain ; TRI Primitive ; Bus Hold ; Weak Pull Up ; I/O Standard ; Current Strength ; Termination                       ; Termination Control Block ; Output Buffer Pre-emphasis ; Voltage Output Differential ; Output Buffer Delay ; Output Buffer Delay Control ; Location assigned by ; Output Enable Source ; Output Enable Group ;
+---------+-------+----------+--------------+--------------+--------------+-----------------+------------------------+-----------+-----------------+------------+---------------+----------+--------------+--------------+------------------+-----------------------------------+---------------------------+----------------------------+-----------------------------+---------------------+-----------------------------+----------------------+----------------------+---------------------+
; ct[0]   ; AF25  ; 4A       ; 65           ; 0            ; 0            ; no              ; no                     ; 1         ; no              ; no         ; no            ; no       ; Off          ; 2.5 V        ; Default          ; Series 50 Ohm without Calibration ; --                        ; no                         ; no                          ; 0                   ; Off                         ; User                 ; -                    ; -                   ;
; ct[1]   ; AF18  ; 4A       ; 48           ; 0            ; 74           ; no              ; no                     ; 1         ; no              ; no         ; no            ; no       ; Off          ; 2.5 V        ; Default          ; Series 50 Ohm without Calibration ; --                        ; no                         ; no                          ; 0                   ; Off                         ; User                 ; -                    ; -                   ;
; ct[2]   ; AH21  ; 4A       ; 57           ; 0            ; 51           ; no              ; no                     ; 1         ; no              ; no         ; no            ; no       ; Off          ; 2.5 V        ; Default          ; Series 50 Ohm without Calibration ; --                        ; no                         ; no                          ; 0                   ; Off                         ; User                 ; -                    ; -                   ;
; ct[3]   ; AH18  ; 4A       ; 50           ; 0            ; 51           ; no              ; no                     ; 1         ; no              ; no         ; no            ; no       ; Off          ; 2.5 V        ; Default          ; Series 50 Ohm without Calibration ; --                        ; no                         ; no                          ; 0                   ; Off                         ; User                 ; -                    ; -                   ;
; leds[0] ; AF20  ; 4A       ; 53           ; 0            ; 34           ; no              ; no                     ; 1         ; no              ; no         ; no            ; no       ; Off          ; 2.5 V        ; Default          ; Series 50 Ohm without Calibration ; --                        ; no                         ; no                          ; 0                   ; Off                         ; User                 ; -                    ; -                   ;
; leds[1] ; AA19  ; 4A       ; 50           ; 0            ; 0            ; no              ; no                     ; 1         ; no              ; no         ; no            ; no       ; Off          ; 2.5 V        ; Default          ; Series 50 Ohm without Calibration ; --                        ; no                         ; no                          ; 0                   ; Off                         ; User                 ; -                    ; -                   ;
; leds[2] ; AG20  ; 4A       ; 53           ; 0            ; 51           ; no              ; no                     ; 1         ; no              ; no         ; no            ; no       ; Off          ; 2.5 V        ; Default          ; Series 50 Ohm without Calibration ; --                        ; no                         ; no                          ; 0                   ; Off                         ; User                 ; -                    ; -                   ;
; leds[3] ; AH22  ; 4A       ; 59           ; 0            ; 51           ; no              ; no                     ; 1         ; no              ; no         ; no            ; no       ; Off          ; 2.5 V        ; Default          ; Series 50 Ohm without Calibration ; --                        ; no                         ; no                          ; 0                   ; Off                         ; User                 ; -                    ; -                   ;
; leds[4] ; AE20  ; 4A       ; 51           ; 0            ; 0            ; no              ; no                     ; 1         ; no              ; no         ; no            ; no       ; Off          ; 2.5 V        ; Default          ; Series 50 Ohm without Calibration ; --                        ; no                         ; no                          ; 0                   ; Off                         ; User                 ; -                    ; -                   ;
; leds[5] ; AH24  ; 4A       ; 61           ; 0            ; 51           ; no              ; no                     ; 1         ; no              ; no         ; no            ; no       ; Off          ; 2.5 V        ; Default          ; Series 50 Ohm without Calibration ; --                        ; no                         ; no                          ; 0                   ; Off                         ; User                 ; -                    ; -                   ;
; leds[6] ; AG18  ; 4A       ; 50           ; 0            ; 34           ; no              ; no                     ; 1         ; no              ; no         ; no            ; no       ; Off          ; 2.5 V        ; Default          ; Series 50 Ohm without Calibration ; --                        ; no                         ; no                          ; 0                   ; Off                         ; User                 ; -                    ; -                   ;
; leds[7] ; AG23  ; 4A       ; 59           ; 0            ; 0            ; no              ; no                     ; 1         ; no              ; no         ; no            ; no       ; Off          ; 2.5 V        ; Default          ; Series 50 Ohm without Calibration ; --                        ; no                         ; no                          ; 0                   ; Off                         ; User                 ; -                    ; -                   ;
; scl     ; AE11  ; 3B       ; 14           ; 0            ; 17           ; no              ; no                     ; 1         ; no              ; no         ; no            ; no       ; On           ; 2.5 V        ; Default          ; Series 50 Ohm without Calibration ; --                        ; no                         ; no                          ; 0                   ; Off                         ; User                 ; -                    ; -                   ;
; spkr    ; AF21  ; 4A       ; 55           ; 0            ; 57           ; no              ; no                     ; 1         ; no              ; no         ; no            ; no       ; Off          ; 2.5 V        ; Default          ; Series 50 Ohm without Calibration ; --                        ; no                         ; no                          ; 0                   ; Off                         ; User                 ; -                    ; -                   ;
+---------+-------+----------+--------------+--------------+--------------+-----------------+------------------------+-----------+-----------------+------------+---------------+----------+--------------+--------------+------------------+-----------------------------------+---------------------------+----------------------------+-----------------------------+---------------------+-----------------------------+----------------------+----------------------+---------------------+


+-----------------------------------------------------------------------------------------------------------------------------------------------------------------------------------------------------------------------------------------------------------------------------------------------------------------------------------------------------------------------------------------------------------------------------------------------------------------------------------------------------------------------------------------------------------------+
; Bidir Pins                                                                                                                                                                                                                                                                                                                                                                                                                                                                                                                                                      ;
+------+-------+----------+--------------+--------------+--------------+-----------------------+--------------------+--------+----------------+-----------------+------------------------+-----------+-----------------+------------+----------+--------------+--------------+------------------+-------------------+-----------------------------------+---------------------------+----------------------------+---------------------+-----------------------------+----------------------+----------------------+----------------------------------------------+
; Name ; Pin # ; I/O Bank ; X coordinate ; Y coordinate ; Z coordinate ; Combinational Fan-Out ; Registered Fan-Out ; Global ; Input Register ; Output Register ; Output Enable Register ; Slew Rate ; PCI I/O Enabled ; Open Drain ; Bus Hold ; Weak Pull Up ; I/O Standard ; Current Strength ; Input Termination ; Output Termination                ; Termination Control Block ; Output Buffer Pre-emphasis ; Output Buffer Delay ; Output Buffer Delay Control ; Location assigned by ; Output Enable Source ; Output Enable Group                          ;
+------+-------+----------+--------------+--------------+--------------+-----------------------+--------------------+--------+----------------+-----------------+------------------------+-----------+-----------------+------------+----------+--------------+--------------+------------------+-------------------+-----------------------------------+---------------------------+----------------------------+---------------------+-----------------------------+----------------------+----------------------+----------------------------------------------+
; sda  ; AE12  ; 3B       ; 19           ; 0            ; 0            ; 4                     ; 0                  ; no     ; no             ; no              ; no                     ; 1         ; no              ; no         ; no       ; On           ; 2.5 V        ; Default          ; Off               ; Series 50 Ohm without Calibration ; --                        ; no                         ; 0                   ; Off                         ; User                 ; 0 pF                 ; I2C_Master:i2c_master_inst|sda_en (inverted) ;
+------+-------+----------+--------------+--------------+--------------+-----------------------+--------------------+--------+----------------+-----------------+------------------------+-----------+-----------------+------------+----------+--------------+--------------+------------------+-------------------+-----------------------------------+---------------------------+----------------------------+---------------------+-----------------------------+----------------------+----------------------+----------------------------------------------+


+----------------------------------------------------------------------------+
; I/O Bank Usage                                                             ;
+----------+------------------+---------------+--------------+---------------+
; I/O Bank ; Usage            ; VCCIO Voltage ; VREF Voltage ; VCCPD Voltage ;
+----------+------------------+---------------+--------------+---------------+
; B1L      ; 0 / 0 ( -- )     ; --            ; --           ; --            ;
; 3A       ; 0 / 16 ( 0 % )   ; 2.5V          ; --           ; 2.5V          ;
; 3B       ; 3 / 32 ( 9 % )   ; 2.5V          ; --           ; 2.5V          ;
; 4A       ; 17 / 68 ( 25 % ) ; 2.5V          ; --           ; 2.5V          ;
; 5A       ; 0 / 16 ( 0 % )   ; 2.5V          ; --           ; 2.5V          ;
; 6B       ; 0 / 44 ( 0 % )   ; 2.5V          ; --           ; 2.5V          ;
; 6A       ; 0 / 56 ( 0 % )   ; 2.5V          ; --           ; 2.5V          ;
; 7A       ; 0 / 19 ( 0 % )   ; 2.5V          ; --           ; 2.5V          ;
; 7B       ; 0 / 22 ( 0 % )   ; 2.5V          ; --           ; 2.5V          ;
; 7C       ; 0 / 12 ( 0 % )   ; 2.5V          ; --           ; 2.5V          ;
; 7D       ; 0 / 14 ( 0 % )   ; 2.5V          ; --           ; 2.5V          ;
; 8A       ; 0 / 13 ( 0 % )   ; 2.5V          ; --           ; 2.5V          ;
+----------+------------------+---------------+--------------+---------------+


+-----------------------------------------------------------------------------------------------------------------------------------------------------------------------------------+
; All Package Pins                                                                                                                                                                  ;
+----------+------------+----------------+---------------------------------+--------+--------------+---------------------+--------------+-----------------+----------+--------------+
; Location ; Pad Number ; I/O Bank       ; Pin Name/Usage                  ; Dir.   ; I/O Standard ; Voltage             ; I/O Type     ; User Assignment ; Bus Hold ; Weak Pull Up ;
+----------+------------+----------------+---------------------------------+--------+--------------+---------------------+--------------+-----------------+----------+--------------+
; A2       ;            ;                ; DNU                             ;        ;              ;                     ; --           ;                 ; --       ; --           ;
; A3       ;            ;                ; GND                             ; gnd    ;              ;                     ; --           ;                 ; --       ; --           ;
; A4       ; 357        ; 7C             ; RESERVED_INPUT_WITH_WEAK_PULLUP ;        ;              ;                     ; Column I/O   ;                 ; no       ; On           ;
; A5       ; 353        ; 7C             ; RESERVED_INPUT_WITH_WEAK_PULLUP ;        ;              ;                     ; Column I/O   ;                 ; no       ; On           ;
; A6       ; 347        ; 7B             ; RESERVED_INPUT_WITH_WEAK_PULLUP ;        ;              ;                     ; Column I/O   ;                 ; no       ; On           ;
; A7       ; 345        ; 7B             ; RESERVED_INPUT_WITH_WEAK_PULLUP ;        ;              ;                     ; Column I/O   ;                 ; no       ; On           ;
; A8       ; 343        ; 7B             ; RESERVED_INPUT_WITH_WEAK_PULLUP ;        ;              ;                     ; Column I/O   ;                 ; no       ; On           ;
; A9       ; 341        ; 7B             ; RESERVED_INPUT_WITH_WEAK_PULLUP ;        ;              ;                     ; Column I/O   ;                 ; no       ; On           ;
; A10      ;            ;                ; GND                             ; gnd    ;              ;                     ; --           ;                 ; --       ; --           ;
; A11      ; 339        ; 7B             ; RESERVED_INPUT_WITH_WEAK_PULLUP ;        ;              ;                     ; Column I/O   ;                 ; no       ; On           ;
; A12      ; 337        ; 7B             ; RESERVED_INPUT_WITH_WEAK_PULLUP ;        ;              ;                     ; Column I/O   ;                 ; no       ; On           ;
; A13      ; 335        ; 7B             ; RESERVED_INPUT_WITH_WEAK_PULLUP ;        ;              ;                     ; Column I/O   ;                 ; no       ; On           ;
; A14      ; 333        ; 7B             ; RESERVED_INPUT_WITH_WEAK_PULLUP ;        ;              ;                     ; Column I/O   ;                 ; no       ; On           ;
; A15      ; 331        ; 7B             ; RESERVED_INPUT_WITH_WEAK_PULLUP ;        ;              ;                     ; Column I/O   ;                 ; no       ; On           ;
; A16      ; 329        ; 7B             ; RESERVED_INPUT_WITH_WEAK_PULLUP ;        ;              ;                     ; Column I/O   ;                 ; no       ; On           ;
; A17      ; 321        ; 7A             ; RESERVED_INPUT_WITH_WEAK_PULLUP ;        ;              ;                     ; Column I/O   ;                 ; no       ; On           ;
; A18      ; 317        ; 7A             ; RESERVED_INPUT_WITH_WEAK_PULLUP ;        ;              ;                     ; Column I/O   ;                 ; no       ; On           ;
; A19      ; 315        ; 7A             ; RESERVED_INPUT_WITH_WEAK_PULLUP ;        ;              ;                     ; Column I/O   ;                 ; no       ; On           ;
; A20      ; 313        ; 7A             ; RESERVED_INPUT_WITH_WEAK_PULLUP ;        ;              ;                     ; Column I/O   ;                 ; no       ; On           ;
; A21      ; 311        ; 7A             ; RESERVED_INPUT_WITH_WEAK_PULLUP ;        ;              ;                     ; Column I/O   ;                 ; no       ; On           ;
; A22      ; 309        ; 7A             ; RESERVED_INPUT_WITH_WEAK_PULLUP ;        ;              ;                     ; Column I/O   ;                 ; no       ; On           ;
; A23      ; 296        ; 7A             ; ^HPS_nRST                       ;        ;              ;                     ; --           ;                 ; --       ; --           ;
; A24      ; 283        ; 6A             ; RESERVED_INPUT_WITH_WEAK_PULLUP ;        ;              ;                     ; Row I/O      ;                 ; no       ; On           ;
; A25      ; 281        ; 6A             ; RESERVED_INPUT_WITH_WEAK_PULLUP ;        ;              ;                     ; Row I/O      ;                 ; no       ; On           ;
; A26      ; 279        ; 6A             ; RESERVED_INPUT_WITH_WEAK_PULLUP ;        ;              ;                     ; Row I/O      ;                 ; no       ; On           ;
; A27      ; 275        ; 6A             ; RESERVED_INPUT_WITH_WEAK_PULLUP ;        ;              ;                     ; Row I/O      ;                 ; no       ; On           ;
; AA1      ;            ;                ; GND                             ; gnd    ;              ;                     ; --           ;                 ; --       ; --           ;
; AA2      ;            ;                ; GND                             ; gnd    ;              ;                     ; --           ;                 ; --       ; --           ;
; AA3      ;            ;                ; GND                             ; gnd    ;              ;                     ; --           ;                 ; --       ; --           ;
; AA4      ; 45         ; 3A             ; RESERVED_INPUT_WITH_WEAK_PULLUP ;        ;              ;                     ; Column I/O   ;                 ; no       ; On           ;
; AA5      ;            ; 3A             ; VCCIO3A                         ; power  ;              ; 2.5V                ; --           ;                 ; --       ; --           ;
; AA6      ; 29         ; 3A             ; ^nCSO, DATA4                    ;        ;              ;                     ; Weak Pull Up ;                 ; --       ; On           ;
; AA8      ; 36         ; 3A             ; ^DCLK                           ;        ;              ;                     ; Weak Pull Up ;                 ; --       ; On           ;
; AA9      ;            ;                ; GND                             ; gnd    ;              ;                     ; --           ;                 ; --       ; --           ;
; AA10     ;            ; 3A             ; VCCPD3A                         ; power  ;              ; 2.5V                ; --           ;                 ; --       ; --           ;
; AA11     ; 50         ; 3A             ; RESERVED_INPUT_WITH_WEAK_PULLUP ;        ;              ;                     ; Column I/O   ;                 ; no       ; On           ;
; AA12     ;            ; 3B             ; VCCIO3B                         ; power  ;              ; 2.5V                ; --           ;                 ; --       ; --           ;
; AA13     ; 98         ; 4A             ; RESERVED_INPUT_WITH_WEAK_PULLUP ;        ;              ;                     ; Column I/O   ;                 ; no       ; On           ;
; AA14     ;            ; 3B, 4A         ; VCCPD3B4A                       ; power  ;              ; 2.5V                ; --           ;                 ; --       ; --           ;
; AA15     ; 114        ; 4A             ; RESERVED_INPUT_WITH_WEAK_PULLUP ;        ;              ;                     ; Column I/O   ;                 ; no       ; On           ;
; AA16     ;            ; 4A             ; VCCIO4A                         ; power  ;              ; 2.5V                ; --           ;                 ; --       ; --           ;
; AA17     ;            ;                ; GND                             ; gnd    ;              ;                     ; --           ;                 ; --       ; --           ;
; AA18     ; 122        ; 4A             ; RESERVED_INPUT_WITH_WEAK_PULLUP ;        ;              ;                     ; Column I/O   ;                 ; no       ; On           ;
; AA19     ; 124        ; 4A             ; leds[1]                         ; output ; 2.5 V        ;                     ; Column I/O   ; Y               ; no       ; Off          ;
; AA20     ; 167        ; 5A             ; RESERVED_INPUT_WITH_WEAK_PULLUP ;        ;              ;                     ; Row I/O      ;                 ; no       ; On           ;
; AA21     ;            ; --             ; VCCA_FPLL                       ; power  ;              ; 2.5V                ; --           ;                 ; --       ; --           ;
; AA23     ; 180        ; 5A             ; RESERVED_INPUT_WITH_WEAK_PULLUP ;        ;              ;                     ; Row I/O      ;                 ; no       ; On           ;
; AA24     ; 178        ; 5A             ; RESERVED_INPUT_WITH_WEAK_PULLUP ;        ;              ;                     ; Row I/O      ;                 ; no       ; On           ;
; AA25     ;            ;                ; NC                              ;        ;              ;                     ; --           ;                 ; --       ; --           ;
; AA26     ;            ;                ; GND                             ; gnd    ;              ;                     ; --           ;                 ; --       ; --           ;
; AA27     ; 201        ; 6B             ; RESERVED_INPUT_WITH_WEAK_PULLUP ;        ;              ;                     ; Row I/O      ;                 ; no       ; On           ;
; AA28     ; 211        ; 6B             ; RESERVED_INPUT_WITH_WEAK_PULLUP ;        ;              ;                     ; Row I/O      ;                 ; no       ; On           ;
; AB1      ;            ;                ; GND                             ; gnd    ;              ;                     ; --           ;                 ; --       ; --           ;
; AB2      ;            ;                ; GND                             ; gnd    ;              ;                     ; --           ;                 ; --       ; --           ;
; AB3      ;            ;                ; GND                             ; gnd    ;              ;                     ; --           ;                 ; --       ; --           ;
; AB4      ; 43         ; 3A             ; RESERVED_INPUT_WITH_WEAK_PULLUP ;        ;              ;                     ; Column I/O   ;                 ; no       ; On           ;
; AB5      ; 32         ; 3A             ; #TCK                            ; input  ;              ;                     ; --           ;                 ; --       ; --           ;
; AB6      ; 31         ; 3A             ; ^AS_DATA3, DATA3                ;        ;              ;                     ; Weak Pull Up ;                 ; --       ; On           ;
; AB23     ; 176        ; 5A             ; RESERVED_INPUT_WITH_WEAK_PULLUP ;        ;              ;                     ; Row I/O      ;                 ; no       ; On           ;
; AB24     ;            ;                ; GND                             ; gnd    ;              ;                     ; --           ;                 ; --       ; --           ;
; AB25     ;            ;                ; GND                             ; gnd    ;              ;                     ; --           ;                 ; --       ; --           ;
; AB26     ;            ;                ; GND                             ; gnd    ;              ;                     ; --           ;                 ; --       ; --           ;
; AB27     ;            ;                ; GND                             ; gnd    ;              ;                     ; --           ;                 ; --       ; --           ;
; AB28     ; 199        ; 6B             ; RESERVED_INPUT_WITH_WEAK_PULLUP ;        ;              ;                     ; Row I/O      ;                 ; no       ; On           ;
; AC1      ;            ;                ; GND                             ; gnd    ;              ;                     ; --           ;                 ; --       ; --           ;
; AC2      ;            ;                ; GND                             ; gnd    ;              ;                     ; --           ;                 ; --       ; --           ;
; AC3      ;            ;                ; GND                             ; gnd    ;              ;                     ; --           ;                 ; --       ; --           ;
; AC4      ; 49         ; 3A             ; RESERVED_INPUT_WITH_WEAK_PULLUP ;        ;              ;                     ; Column I/O   ;                 ; no       ; On           ;
; AC5      ; 33         ; 3A             ; ^AS_DATA2, DATA2                ;        ;              ;                     ; Weak Pull Up ;                 ; --       ; On           ;
; AC6      ; 35         ; 3A             ; ^AS_DATA1, DATA1                ;        ;              ;                     ; Weak Pull Up ;                 ; --       ; On           ;
; AC7      ; 30         ; 3A             ; #TMS                            ; input  ;              ;                     ; --           ;                 ; --       ; --           ;
; AC8      ;            ; --             ; VCC_AUX                         ; power  ;              ; 2.5V                ; --           ;                 ; --       ; --           ;
; AC21     ;            ; --             ; VCC_AUX                         ; power  ;              ; 2.5V                ; --           ;                 ; --       ; --           ;
; AC22     ; 156        ; 4A             ; RESERVED_INPUT_WITH_WEAK_PULLUP ;        ;              ;                     ; Column I/O   ;                 ; no       ; On           ;
; AC23     ; 154        ; 4A             ; RESERVED_INPUT_WITH_WEAK_PULLUP ;        ;              ;                     ; Column I/O   ;                 ; no       ; On           ;
; AC24     ; 174        ; 5A             ; RESERVED_INPUT_WITH_WEAK_PULLUP ;        ;              ;                     ; Row I/O      ;                 ; no       ; On           ;
; AC25     ;            ; 5A             ; VCCIO5A                         ; power  ;              ; 2.5V                ; --           ;                 ; --       ; --           ;
; AC26     ;            ; 5A             ; VREFB5AN0                       ; power  ;              ;                     ; --           ;                 ; --       ; --           ;
; AC27     ; 197        ; 6B             ; RESERVED_INPUT_WITH_WEAK_PULLUP ;        ;              ;                     ; Row I/O      ;                 ; no       ; On           ;
; AC28     ; 195        ; 6B             ; RESERVED_INPUT_WITH_WEAK_PULLUP ;        ;              ;                     ; Row I/O      ;                 ; no       ; On           ;
; AD1      ;            ;                ; DNU                             ;        ;              ;                     ; --           ;                 ; --       ; --           ;
; AD2      ;            ;                ; DNU                             ;        ;              ;                     ; --           ;                 ; --       ; --           ;
; AD3      ;            ;                ; GND                             ; gnd    ;              ;                     ; --           ;                 ; --       ; --           ;
; AD4      ; 47         ; 3A             ; RESERVED_INPUT_WITH_WEAK_PULLUP ;        ;              ;                     ; Column I/O   ;                 ; no       ; On           ;
; AD5      ; 53         ; 3A             ; RESERVED_INPUT_WITH_WEAK_PULLUP ;        ;              ;                     ; Column I/O   ;                 ; no       ; On           ;
; AD6      ;            ;                ; GND                             ; gnd    ;              ;                     ; --           ;                 ; --       ; --           ;
; AD7      ; 37         ; 3A             ; ^AS_DATA0, ASDO, DATA0          ;        ;              ;                     ; Weak Pull Up ;                 ; --       ; On           ;
; AD8      ;            ;                ; GND                             ; gnd    ;              ;                     ; --           ;                 ; --       ; --           ;
; AD9      ;            ; 3B, 4A         ; VCCPD3B4A                       ; power  ;              ; 2.5V                ; --           ;                 ; --       ; --           ;
; AD10     ; 57         ; 3B             ; RESERVED_INPUT_WITH_WEAK_PULLUP ;        ;              ;                     ; Column I/O   ;                 ; no       ; On           ;
; AD11     ; 65         ; 3B             ; RESERVED_INPUT_WITH_WEAK_PULLUP ;        ;              ;                     ; Column I/O   ;                 ; no       ; On           ;
; AD12     ; 79         ; 3B             ; RESERVED_INPUT_WITH_WEAK_PULLUP ;        ;              ;                     ; Column I/O   ;                 ; no       ; On           ;
; AD13     ;            ; 3B, 4A         ; VCCPD3B4A                       ; power  ;              ; 2.5V                ; --           ;                 ; --       ; --           ;
; AD14     ;            ;                ; GND                             ; gnd    ;              ;                     ; --           ;                 ; --       ; --           ;
; AD15     ;            ; --             ; VCC_AUX                         ; power  ;              ; 2.5V                ; --           ;                 ; --       ; --           ;
; AD16     ;            ; 3B, 4A         ; VCCPD3B4A                       ; power  ;              ; 2.5V                ; --           ;                 ; --       ; --           ;
; AD17     ; 113        ; 4A             ; RESERVED_INPUT_WITH_WEAK_PULLUP ;        ;              ;                     ; Column I/O   ;                 ; no       ; On           ;
; AD18     ;            ; 3B, 4A         ; VCCPD3B4A                       ; power  ;              ; 2.5V                ; --           ;                 ; --       ; --           ;
; AD19     ; 119        ; 4A             ; RESERVED_INPUT_WITH_WEAK_PULLUP ;        ;              ;                     ; Column I/O   ;                 ; no       ; On           ;
; AD20     ; 127        ; 4A             ; RESERVED_INPUT_WITH_WEAK_PULLUP ;        ;              ;                     ; Column I/O   ;                 ; no       ; On           ;
; AD21     ;            ; 3B, 4A         ; VCCPD3B4A                       ; power  ;              ; 2.5V                ; --           ;                 ; --       ; --           ;
; AD22     ;            ;                ; GND                             ; gnd    ;              ;                     ; --           ;                 ; --       ; --           ;
; AD23     ; 140        ; 4A             ; RESERVED_INPUT_WITH_WEAK_PULLUP ;        ;              ;                     ; Column I/O   ;                 ; no       ; On           ;
; AD24     ;            ; --             ; VCCPGM                          ; power  ;              ; 1.8V/2.5V/3.0V/3.3V ; --           ;                 ; --       ; --           ;
; AD25     ;            ;                ; GND                             ; gnd    ;              ;                     ; --           ;                 ; --       ; --           ;
; AD26     ; 172        ; 5A             ; RESERVED_INPUT_WITH_WEAK_PULLUP ;        ;              ;                     ; Row I/O      ;                 ; no       ; On           ;
; AD27     ;            ; 6B             ; VCCIO6B_HPS                     ; power  ;              ; 2.5V                ; --           ;                 ; --       ; --           ;
; AD28     ; 185        ; 6B             ; RESERVED_INPUT_WITH_WEAK_PULLUP ;        ;              ;                     ; Row I/O      ;                 ; no       ; On           ;
; AE1      ;            ;                ; GND                             ; gnd    ;              ;                     ; --           ;                 ; --       ; --           ;
; AE2      ;            ;                ; GND                             ; gnd    ;              ;                     ; --           ;                 ; --       ; --           ;
; AE3      ;            ;                ; GND                             ; gnd    ;              ;                     ; --           ;                 ; --       ; --           ;
; AE4      ; 56         ; 3B             ; RESERVED_INPUT_WITH_WEAK_PULLUP ;        ;              ;                     ; Column I/O   ;                 ; no       ; On           ;
; AE5      ;            ; 3A             ; VREFB3AN0                       ; power  ;              ;                     ; --           ;                 ; --       ; --           ;
; AE6      ; 51         ; 3A             ; RESERVED_INPUT_WITH_WEAK_PULLUP ;        ;              ;                     ; Column I/O   ;                 ; no       ; On           ;
; AE7      ; 61         ; 3B             ; RESERVED_INPUT_WITH_WEAK_PULLUP ;        ;              ;                     ; Column I/O   ;                 ; no       ; On           ;
; AE8      ; 64         ; 3B             ; RESERVED_INPUT_WITH_WEAK_PULLUP ;        ;              ;                     ; Column I/O   ;                 ; no       ; On           ;
; AE9      ; 55         ; 3B             ; RESERVED_INPUT_WITH_WEAK_PULLUP ;        ;              ;                     ; Column I/O   ;                 ; no       ; On           ;
; AE10     ;            ; 3B             ; VCCIO3B                         ; power  ;              ; 2.5V                ; --           ;                 ; --       ; --           ;
; AE11     ; 63         ; 3B             ; scl                             ; output ; 2.5 V        ;                     ; Column I/O   ; Y               ; no       ; On           ;
; AE12     ; 81         ; 3B             ; sda                             ; bidir  ; 2.5 V        ;                     ; Column I/O   ; Y               ; no       ; On           ;
; AE13     ;            ; 3B             ; VCCIO3B                         ; power  ;              ; 2.5V                ; --           ;                 ; --       ; --           ;
; AE14     ;            ;                ; DNU                             ;        ;              ;                     ; --           ;                 ; --       ; --           ;
; AE15     ; 95         ; 4A             ; RESERVED_INPUT_WITH_WEAK_PULLUP ;        ;              ;                     ; Column I/O   ;                 ; no       ; On           ;
; AE16     ;            ;                ; GND                             ; gnd    ;              ;                     ; --           ;                 ; --       ; --           ;
; AE17     ; 111        ; 4A             ; RESERVED_INPUT_WITH_WEAK_PULLUP ;        ;              ;                     ; Column I/O   ;                 ; no       ; On           ;
; AE18     ;            ;                ; GND                             ; gnd    ;              ;                     ; --           ;                 ; --       ; --           ;
; AE19     ; 121        ; 4A             ; s2                              ; input  ; 2.5 V        ;                     ; Column I/O   ; Y               ; no       ; Off          ;
; AE20     ; 129        ; 4A             ; leds[4]                         ; output ; 2.5 V        ;                     ; Column I/O   ; Y               ; no       ; Off          ;
; AE21     ;            ; 4A             ; VCCIO4A                         ; power  ;              ; 2.5V                ; --           ;                 ; --       ; --           ;
; AE22     ; 138        ; 4A             ; RESERVED_INPUT_WITH_WEAK_PULLUP ;        ;              ;                     ; Column I/O   ;                 ; no       ; On           ;
; AE23     ; 151        ; 4A             ; RESERVED_INPUT_WITH_WEAK_PULLUP ;        ;              ;                     ; Column I/O   ;                 ; no       ; On           ;
; AE24     ; 153        ; 4A             ; RESERVED_INPUT_WITH_WEAK_PULLUP ;        ;              ;                     ; Column I/O   ;                 ; no       ; On           ;
; AE25     ; 170        ; 5A             ; RESERVED_INPUT_WITH_WEAK_PULLUP ;        ;              ;                     ; Row I/O      ;                 ; no       ; On           ;
; AE26     ; 168        ; 5A             ; RESERVED_INPUT_WITH_WEAK_PULLUP ;        ;              ;                     ; Row I/O      ;                 ; no       ; On           ;
; AE27     ; 187        ; 6B             ; RESERVED_INPUT_WITH_WEAK_PULLUP ;        ;              ;                     ; Row I/O      ;                 ; no       ; On           ;
; AE28     ; 183        ; 6B             ; RESERVED_INPUT_WITH_WEAK_PULLUP ;        ;              ;                     ; Row I/O      ;                 ; no       ; On           ;
; AF1      ;            ;                ; GND                             ; gnd    ;              ;                     ; --           ;                 ; --       ; --           ;
; AF2      ;            ;                ; GND                             ; gnd    ;              ;                     ; --           ;                 ; --       ; --           ;
; AF3      ;            ;                ; GND                             ; gnd    ;              ;                     ; --           ;                 ; --       ; --           ;
; AF4      ; 54         ; 3B             ; RESERVED_INPUT_WITH_WEAK_PULLUP ;        ;              ;                     ; Column I/O   ;                 ; no       ; On           ;
; AF5      ; 69         ; 3B             ; RESERVED_INPUT_WITH_WEAK_PULLUP ;        ;              ;                     ; Column I/O   ;                 ; no       ; On           ;
; AF6      ; 67         ; 3B             ; RESERVED_INPUT_WITH_WEAK_PULLUP ;        ;              ;                     ; Column I/O   ;                 ; no       ; On           ;
; AF7      ; 72         ; 3B             ; RESERVED_INPUT_WITH_WEAK_PULLUP ;        ;              ;                     ; Column I/O   ;                 ; no       ; On           ;
; AF8      ; 59         ; 3B             ; RESERVED_INPUT_WITH_WEAK_PULLUP ;        ;              ;                     ; Column I/O   ;                 ; no       ; On           ;
; AF9      ; 62         ; 3B             ; RESERVED_INPUT_WITH_WEAK_PULLUP ;        ;              ;                     ; Column I/O   ;                 ; no       ; On           ;
; AF10     ; 71         ; 3B             ; RESERVED_INPUT_WITH_WEAK_PULLUP ;        ;              ;                     ; Column I/O   ;                 ; no       ; On           ;
; AF11     ; 73         ; 3B             ; RESERVED_INPUT_WITH_WEAK_PULLUP ;        ;              ;                     ; Column I/O   ;                 ; no       ; On           ;
; AF12     ;            ; 3B             ; VREFB3BN0                       ; power  ;              ;                     ; --           ;                 ; --       ; --           ;
; AF13     ; 87         ; 4A             ; RESERVED_INPUT_WITH_WEAK_PULLUP ;        ;              ;                     ; Column I/O   ;                 ; no       ; On           ;
; AF14     ;            ; 4A             ; VCCIO4A                         ; power  ;              ; 2.5V                ; --           ;                 ; --       ; --           ;
; AF15     ; 97         ; 4A             ; RESERVED_INPUT_WITH_WEAK_PULLUP ;        ;              ;                     ; Column I/O   ;                 ; no       ; On           ;
; AF16     ;            ; 4A             ; VREFB4AN0                       ; power  ;              ;                     ; --           ;                 ; --       ; --           ;
; AF17     ; 105        ; 4A             ; RESERVED_INPUT_WITH_WEAK_PULLUP ;        ;              ;                     ; Column I/O   ;                 ; no       ; On           ;
; AF18     ; 120        ; 4A             ; ct[1]                           ; output ; 2.5 V        ;                     ; Column I/O   ; Y               ; no       ; Off          ;
; AF19     ;            ; 4A             ; VCCIO4A                         ; power  ;              ; 2.5V                ; --           ;                 ; --       ; --           ;
; AF20     ; 133        ; 4A             ; leds[0]                         ; output ; 2.5 V        ;                     ; Column I/O   ; Y               ; no       ; Off          ;
; AF21     ; 135        ; 4A             ; spkr                            ; output ; 2.5 V        ;                     ; Column I/O   ; Y               ; no       ; Off          ;
; AF22     ; 137        ; 4A             ; RESERVED_INPUT_WITH_WEAK_PULLUP ;        ;              ;                     ; Column I/O   ;                 ; no       ; On           ;
; AF23     ; 143        ; 4A             ; RESERVED_INPUT_WITH_WEAK_PULLUP ;        ;              ;                     ; Column I/O   ;                 ; no       ; On           ;
; AF24     ;            ;                ; GND                             ; gnd    ;              ;                     ; --           ;                 ; --       ; --           ;
; AF25     ; 161        ; 4A             ; ct[0]                           ; output ; 2.5 V        ;                     ; Column I/O   ; Y               ; no       ; Off          ;
; AF26     ; 166        ; 5A             ; RESERVED_INPUT_WITH_WEAK_PULLUP ;        ;              ;                     ; Row I/O      ;                 ; no       ; On           ;
; AF27     ; 165        ; 4A             ; RESERVED_INPUT_WITH_WEAK_PULLUP ;        ;              ;                     ; Column I/O   ;                 ; no       ; On           ;
; AF28     ; 163        ; 4A             ; RESERVED_INPUT_WITH_WEAK_PULLUP ;        ;              ;                     ; Column I/O   ;                 ; no       ; On           ;
; AG1      ;            ;                ; GND                             ; gnd    ;              ;                     ; --           ;                 ; --       ; --           ;
; AG2      ;            ;                ; GND                             ; gnd    ;              ;                     ; --           ;                 ; --       ; --           ;
; AG3      ;            ;                ; GND                             ; gnd    ;              ;                     ; --           ;                 ; --       ; --           ;
; AG4      ;            ; 3B             ; VCCIO3B                         ; power  ;              ; 2.5V                ; --           ;                 ; --       ; --           ;
; AG5      ; 80         ; 3B             ; RESERVED_INPUT_WITH_WEAK_PULLUP ;        ;              ;                     ; Column I/O   ;                 ; no       ; On           ;
; AG6      ; 70         ; 3B             ; RESERVED_INPUT_WITH_WEAK_PULLUP ;        ;              ;                     ; Column I/O   ;                 ; no       ; On           ;
; AG7      ;            ;                ; GND                             ; gnd    ;              ;                     ; --           ;                 ; --       ; --           ;
; AG8      ; 88         ; 4A             ; RESERVED_INPUT_WITH_WEAK_PULLUP ;        ;              ;                     ; Column I/O   ;                 ; no       ; On           ;
; AG9      ; 93         ; 4A             ; RESERVED_INPUT_WITH_WEAK_PULLUP ;        ;              ;                     ; Column I/O   ;                 ; no       ; On           ;
; AG10     ; 96         ; 4A             ; RESERVED_INPUT_WITH_WEAK_PULLUP ;        ;              ;                     ; Column I/O   ;                 ; no       ; On           ;
; AG11     ; 101        ; 4A             ; RESERVED_INPUT_WITH_WEAK_PULLUP ;        ;              ;                     ; Column I/O   ;                 ; no       ; On           ;
; AG12     ;            ; 4A             ; VCCIO4A                         ; power  ;              ; 2.5V                ; --           ;                 ; --       ; --           ;
; AG13     ; 89         ; 4A             ; RESERVED_INPUT_WITH_WEAK_PULLUP ;        ;              ;                     ; Column I/O   ;                 ; no       ; On           ;
; AG14     ; 109        ; 4A             ; RESERVED_INPUT_WITH_WEAK_PULLUP ;        ;              ;                     ; Column I/O   ;                 ; no       ; On           ;
; AG15     ; 112        ; 4A             ; RESERVED_INPUT_WITH_WEAK_PULLUP ;        ;              ;                     ; Column I/O   ;                 ; no       ; On           ;
; AG16     ; 103        ; 4A             ; RESERVED_INPUT_WITH_WEAK_PULLUP ;        ;              ;                     ; Column I/O   ;                 ; no       ; On           ;
; AG17     ;            ;                ; GND                             ; gnd    ;              ;                     ; --           ;                 ; --       ; --           ;
; AG18     ; 125        ; 4A             ; leds[6]                         ; output ; 2.5 V        ;                     ; Column I/O   ; Y               ; no       ; Off          ;
; AG19     ; 128        ; 4A             ; RESERVED_INPUT_WITH_WEAK_PULLUP ;        ;              ;                     ; Column I/O   ;                 ; no       ; On           ;
; AG20     ; 131        ; 4A             ; leds[2]                         ; output ; 2.5 V        ;                     ; Column I/O   ; Y               ; no       ; Off          ;
; AG21     ; 136        ; 4A             ; RESERVED_INPUT_WITH_WEAK_PULLUP ;        ;              ;                     ; Column I/O   ;                 ; no       ; On           ;
; AG22     ;            ; 4A             ; VCCIO4A                         ; power  ;              ; 2.5V                ; --           ;                 ; --       ; --           ;
; AG23     ; 145        ; 4A             ; leds[7]                         ; output ; 2.5 V        ;                     ; Column I/O   ; Y               ; no       ; Off          ;
; AG24     ; 149        ; 4A             ; RESERVED_INPUT_WITH_WEAK_PULLUP ;        ;              ;                     ; Column I/O   ;                 ; no       ; On           ;
; AG25     ; 159        ; 4A             ; RESERVED_INPUT_WITH_WEAK_PULLUP ;        ;              ;                     ; Column I/O   ;                 ; no       ; On           ;
; AG26     ; 152        ; 4A             ; RESERVED_INPUT_WITH_WEAK_PULLUP ;        ;              ;                     ; Column I/O   ;                 ; no       ; On           ;
; AG27     ;            ;                ; GND                             ; gnd    ;              ;                     ; --           ;                 ; --       ; --           ;
; AG28     ; 160        ; 4A             ; enc2_b                          ; input  ; 2.5 V        ;                     ; Column I/O   ; Y               ; no       ; On           ;
; AH2      ; 75         ; 3B             ; RESERVED_INPUT_WITH_WEAK_PULLUP ;        ;              ;                     ; Column I/O   ;                 ; no       ; On           ;
; AH3      ; 77         ; 3B             ; RESERVED_INPUT_WITH_WEAK_PULLUP ;        ;              ;                     ; Column I/O   ;                 ; no       ; On           ;
; AH4      ; 78         ; 3B             ; RESERVED_INPUT_WITH_WEAK_PULLUP ;        ;              ;                     ; Column I/O   ;                 ; no       ; On           ;
; AH5      ; 83         ; 3B             ; RESERVED_INPUT_WITH_WEAK_PULLUP ;        ;              ;                     ; Column I/O   ;                 ; no       ; On           ;
; AH6      ; 85         ; 3B             ; RESERVED_INPUT_WITH_WEAK_PULLUP ;        ;              ;                     ; Column I/O   ;                 ; no       ; On           ;
; AH7      ; 86         ; 4A             ; RESERVED_INPUT_WITH_WEAK_PULLUP ;        ;              ;                     ; Column I/O   ;                 ; no       ; On           ;
; AH8      ; 91         ; 4A             ; RESERVED_INPUT_WITH_WEAK_PULLUP ;        ;              ;                     ; Column I/O   ;                 ; no       ; On           ;
; AH9      ; 94         ; 4A             ; RESERVED_INPUT_WITH_WEAK_PULLUP ;        ;              ;                     ; Column I/O   ;                 ; no       ; On           ;
; AH10     ;            ;                ; GND                             ; gnd    ;              ;                     ; --           ;                 ; --       ; --           ;
; AH11     ; 99         ; 4A             ; RESERVED_INPUT_WITH_WEAK_PULLUP ;        ;              ;                     ; Column I/O   ;                 ; no       ; On           ;
; AH12     ; 104        ; 4A             ; RESERVED_INPUT_WITH_WEAK_PULLUP ;        ;              ;                     ; Column I/O   ;                 ; no       ; On           ;
; AH13     ; 107        ; 4A             ; RESERVED_INPUT_WITH_WEAK_PULLUP ;        ;              ;                     ; Column I/O   ;                 ; no       ; On           ;
; AH14     ; 110        ; 4A             ; RESERVED_INPUT_WITH_WEAK_PULLUP ;        ;              ;                     ; Column I/O   ;                 ; no       ; On           ;
; AH15     ;            ; 4A             ; VCCIO4A                         ; power  ;              ; 2.5V                ; --           ;                 ; --       ; --           ;
; AH16     ; 115        ; 4A             ; RESERVED_INPUT_WITH_WEAK_PULLUP ;        ;              ;                     ; Column I/O   ;                 ; no       ; On           ;
; AH17     ; 117        ; 4A             ; RESERVED_INPUT_WITH_WEAK_PULLUP ;        ;              ;                     ; Column I/O   ;                 ; no       ; On           ;
; AH18     ; 123        ; 4A             ; ct[3]                           ; output ; 2.5 V        ;                     ; Column I/O   ; Y               ; no       ; Off          ;
; AH19     ; 126        ; 4A             ; RESERVED_INPUT_WITH_WEAK_PULLUP ;        ;              ;                     ; Column I/O   ;                 ; no       ; On           ;
; AH20     ;            ;                ; GND                             ; gnd    ;              ;                     ; --           ;                 ; --       ; --           ;
; AH21     ; 139        ; 4A             ; ct[2]                           ; output ; 2.5 V        ;                     ; Column I/O   ; Y               ; no       ; Off          ;
; AH22     ; 142        ; 4A             ; leds[3]                         ; output ; 2.5 V        ;                     ; Column I/O   ; Y               ; no       ; Off          ;
; AH23     ; 144        ; 4A             ; s1                              ; input  ; 2.5 V        ;                     ; Column I/O   ; Y               ; no       ; Off          ;
; AH24     ; 147        ; 4A             ; leds[5]                         ; output ; 2.5 V        ;                     ; Column I/O   ; Y               ; no       ; Off          ;
; AH25     ;            ; 4A             ; VCCIO4A                         ; power  ;              ; 2.5V                ; --           ;                 ; --       ; --           ;
; AH26     ; 155        ; 4A             ; RESERVED_INPUT_WITH_WEAK_PULLUP ;        ;              ;                     ; Column I/O   ;                 ; no       ; On           ;
; AH27     ; 158        ; 4A             ; enc2_a                          ; input  ; 2.5 V        ;                     ; Column I/O   ; Y               ; no       ; On           ;
; B1       ;            ;                ; GND                             ;        ;              ;                     ; --           ;                 ; --       ; --           ;
; B2       ;            ;                ; DNU                             ;        ;              ;                     ; --           ;                 ; --       ; --           ;
; B3       ;            ;                ; GND                             ; gnd    ;              ;                     ; --           ;                 ; --       ; --           ;
; B4       ; 359        ; 7C             ; RESERVED_INPUT_WITH_WEAK_PULLUP ;        ;              ;                     ; Column I/O   ;                 ; no       ; On           ;
; B5       ;            ;                ; GND                             ; gnd    ;              ;                     ; --           ;                 ; --       ; --           ;
; B6       ; 355        ; 7C             ; RESERVED_INPUT_WITH_WEAK_PULLUP ;        ;              ;                     ; Column I/O   ;                 ; no       ; On           ;
; B7       ;            ;                ; GND                             ; gnd    ;              ;                     ; --           ;                 ; --       ; --           ;
; B8       ; 361        ; 7C             ; RESERVED_INPUT_WITH_WEAK_PULLUP ;        ;              ;                     ; Column I/O   ;                 ; no       ; On           ;
; B9       ; 363        ; 7C             ; RESERVED_INPUT_WITH_WEAK_PULLUP ;        ;              ;                     ; Column I/O   ;                 ; no       ; On           ;
; B10      ;            ; 7C             ; VCCIO7C_HPS                     ; power  ;              ; 2.5V                ; --           ;                 ; --       ; --           ;
; B11      ; 362        ; 7C             ; RESERVED_INPUT_WITH_WEAK_PULLUP ;        ;              ;                     ; Column I/O   ;                 ; no       ; On           ;
; B12      ; 360        ; 7C             ; RESERVED_INPUT_WITH_WEAK_PULLUP ;        ;              ;                     ; Column I/O   ;                 ; no       ; On           ;
; B13      ;            ; 7B             ; VCCIO7B_HPS                     ; power  ;              ; 2.5V                ; --           ;                 ; --       ; --           ;
; B14      ; 349        ; 7B             ; RESERVED_INPUT_WITH_WEAK_PULLUP ;        ;              ;                     ; Column I/O   ;                 ; no       ; On           ;
; B15      ;            ;                ; GND                             ; gnd    ;              ;                     ; --           ;                 ; --       ; --           ;
; B16      ; 324        ; 7A             ; RESERVED_INPUT_WITH_WEAK_PULLUP ;        ;              ;                     ; Column I/O   ;                 ; no       ; On           ;
; B17      ;            ;                ; GND                             ; gnd    ;              ;                     ; --           ;                 ; --       ; --           ;
; B18      ; 319        ; 7A             ; RESERVED_INPUT_WITH_WEAK_PULLUP ;        ;              ;                     ; Column I/O   ;                 ; no       ; On           ;
; B19      ; 325        ; 7A             ; RESERVED_INPUT_WITH_WEAK_PULLUP ;        ;              ;                     ; Column I/O   ;                 ; no       ; On           ;
; B20      ;            ;                ; GND                             ; gnd    ;              ;                     ; --           ;                 ; --       ; --           ;
; B21      ; 310        ; 7A             ; RESERVED_INPUT_WITH_WEAK_PULLUP ;        ;              ;                     ; Column I/O   ;                 ; no       ; On           ;
; B22      ;            ;                ; GND                             ; gnd    ;              ;                     ; --           ;                 ; --       ; --           ;
; B23      ; 298        ; 7A             ; ^HPS_TDO                        ;        ;              ;                     ; --           ;                 ; --       ; --           ;
; B24      ; 285        ; 6A             ; RESERVED_INPUT_WITH_WEAK_PULLUP ;        ;              ;                     ; Row I/O      ;                 ; no       ; On           ;
; B25      ;            ;                ; GND                             ; gnd    ;              ;                     ; --           ;                 ; --       ; --           ;
; B26      ; 273        ; 6A             ; RESERVED_INPUT_WITH_WEAK_PULLUP ;        ;              ;                     ; Row I/O      ;                 ; no       ; On           ;
; B27      ;            ;                ; GND                             ; gnd    ;              ;                     ; --           ;                 ; --       ; --           ;
; B28      ; 265        ; 6A             ; RESERVED_INPUT_WITH_WEAK_PULLUP ;        ;              ;                     ; Row I/O      ;                 ; no       ; On           ;
; C1       ;            ;                ; GND                             ; gnd    ;              ;                     ; --           ;                 ; --       ; --           ;
; C2       ;            ;                ; GND                             ; gnd    ;              ;                     ; --           ;                 ; --       ; --           ;
; C3       ;            ;                ; GND                             ; gnd    ;              ;                     ; --           ;                 ; --       ; --           ;
; C4       ; 368        ; 7D             ; RESERVED_INPUT_WITH_WEAK_PULLUP ;        ;              ;                     ; Column I/O   ;                 ; no       ; On           ;
; C5       ; 375        ; 7D             ; RESERVED_INPUT_WITH_WEAK_PULLUP ;        ;              ;                     ; Column I/O   ;                 ; no       ; On           ;
; C6       ; 373        ; 7D             ; RESERVED_INPUT_WITH_WEAK_PULLUP ;        ;              ;                     ; Column I/O   ;                 ; no       ; On           ;
; C7       ; 371        ; 7D             ; RESERVED_INPUT_WITH_WEAK_PULLUP ;        ;              ;                     ; Column I/O   ;                 ; no       ; On           ;
; C8       ; 369        ; 7D             ; RESERVED_INPUT_WITH_WEAK_PULLUP ;        ;              ;                     ; Column I/O   ;                 ; no       ; On           ;
; C9       ; 367        ; 7D             ; RESERVED_INPUT_WITH_WEAK_PULLUP ;        ;              ;                     ; Column I/O   ;                 ; no       ; On           ;
; C10      ; 365        ; 7D             ; RESERVED_INPUT_WITH_WEAK_PULLUP ;        ;              ;                     ; Column I/O   ;                 ; no       ; On           ;
; C11      ;            ;                ; GND                             ; gnd    ;              ;                     ; --           ;                 ; --       ; --           ;
; C12      ; 382        ; 8A             ; RESERVED_INPUT_WITH_WEAK_PULLUP ;        ;              ;                     ; Column I/O   ;                 ; no       ; On           ;
; C13      ; 354        ; 7C             ; RESERVED_INPUT_WITH_WEAK_PULLUP ;        ;              ;                     ; Column I/O   ;                 ; no       ; On           ;
; C14      ; 348        ; 7B             ; RESERVED_INPUT_WITH_WEAK_PULLUP ;        ;              ;                     ; Column I/O   ;                 ; no       ; On           ;
; C15      ; 340        ; 7B             ; RESERVED_INPUT_WITH_WEAK_PULLUP ;        ;              ;                     ; Column I/O   ;                 ; no       ; On           ;
; C16      ; 326        ; 7A             ; RESERVED_INPUT_WITH_WEAK_PULLUP ;        ;              ;                     ; Column I/O   ;                 ; no       ; On           ;
; C17      ; 318        ; 7A             ; RESERVED_INPUT_WITH_WEAK_PULLUP ;        ;              ;                     ; Column I/O   ;                 ; no       ; On           ;
; C18      ; 316        ; 7A             ; RESERVED_INPUT_WITH_WEAK_PULLUP ;        ;              ;                     ; Column I/O   ;                 ; no       ; On           ;
; C19      ; 323        ; 7A             ; RESERVED_INPUT_WITH_WEAK_PULLUP ;        ;              ;                     ; Column I/O   ;                 ; no       ; On           ;
; C20      ;            ; 7A             ; VCCIO7A_HPS                     ; power  ;              ; 2.5V                ; --           ;                 ; --       ; --           ;
; C21      ; 308        ; 7A             ; RESERVED_INPUT_WITH_WEAK_PULLUP ;        ;              ;                     ; Column I/O   ;                 ; no       ; On           ;
; C22      ; 302        ; 7A             ; ^HPS_TRST                       ;        ;              ;                     ; --           ;                 ; --       ; --           ;
; C23      ; 300        ; 7A             ; ^HPS_TMS                        ;        ;              ;                     ; --           ;                 ; --       ; --           ;
; C24      ; 289        ; 6A             ; RESERVED_INPUT_WITH_WEAK_PULLUP ;        ;              ;                     ; Row I/O      ;                 ; no       ; On           ;
; C25      ;            ; 6A             ; VCCIO6A_HPS                     ; power  ;              ; 2.5V                ; --           ;                 ; --       ; --           ;
; C26      ; 271        ; 6A             ; RESERVED_INPUT_WITH_WEAK_PULLUP ;        ;              ;                     ; Row I/O      ;                 ; no       ; On           ;
; C27      ;            ; 6A             ; VCCIO6A_HPS                     ; power  ;              ; 2.5V                ; --           ;                 ; --       ; --           ;
; C28      ; 263        ; 6A             ; RESERVED_INPUT_WITH_WEAK_PULLUP ;        ;              ;                     ; Row I/O      ;                 ; no       ; On           ;
; D1       ;            ;                ; DNU                             ;        ;              ;                     ; --           ;                 ; --       ; --           ;
; D2       ;            ;                ; DNU                             ;        ;              ;                     ; --           ;                 ; --       ; --           ;
; D3       ;            ;                ; GND                             ; gnd    ;              ;                     ; --           ;                 ; --       ; --           ;
; D4       ; 370        ; 7D             ; RESERVED_INPUT_WITH_WEAK_PULLUP ;        ;              ;                     ; Column I/O   ;                 ; no       ; On           ;
; D5       ; 377        ; 7D             ; RESERVED_INPUT_WITH_WEAK_PULLUP ;        ;              ;                     ; Column I/O   ;                 ; no       ; On           ;
; D6       ;            ; 7D             ; VCCIO7D_HPS                     ; power  ;              ; 2.5V                ; --           ;                 ; --       ; --           ;
; D7       ;            ; --             ; VCCBAT                          ; power  ;              ; 1.2V                ; --           ;                 ; --       ; --           ;
; D8       ; 387        ; 8A             ; RESERVED_INPUT_WITH_WEAK_PULLUP ;        ;              ;                     ; Column I/O   ;                 ; no       ; On           ;
; D9       ;            ; 8A             ; VREFB8AN0                       ; power  ;              ;                     ; --           ;                 ; --       ; --           ;
; D10      ;            ;                ; GND                             ; gnd    ;              ;                     ; --           ;                 ; --       ; --           ;
; D11      ; 398        ; 8A             ; RESERVED_INPUT_WITH_WEAK_PULLUP ;        ;              ;                     ; Column I/O   ;                 ; no       ; On           ;
; D12      ; 380        ; 8A             ; RESERVED_INPUT_WITH_WEAK_PULLUP ;        ;              ;                     ; Column I/O   ;                 ; no       ; On           ;
; D13      ;            ;                ; GND                             ; gnd    ;              ;                     ; --           ;                 ; --       ; --           ;
; D14      ; 352        ; 7C             ; RESERVED_INPUT_WITH_WEAK_PULLUP ;        ;              ;                     ; Column I/O   ;                 ; no       ; On           ;
; D15      ; 342        ; 7B             ; RESERVED_INPUT_WITH_WEAK_PULLUP ;        ;              ;                     ; Column I/O   ;                 ; no       ; On           ;
; D16      ;            ;                ; GND                             ; gnd    ;              ;                     ; --           ;                 ; --       ; --           ;
; D17      ; 332        ; 7B             ; RESERVED_INPUT_WITH_WEAK_PULLUP ;        ;              ;                     ; Column I/O   ;                 ; no       ; On           ;
; D18      ;            ; 7A             ; VCCIO7A_HPS                     ; power  ;              ; 2.5V                ; --           ;                 ; --       ; --           ;
; D19      ;            ; 7A, 7B, 7C, 7D ; VREFB7A7B7C7DN0_HPS             ; power  ;              ;                     ; --           ;                 ; --       ; --           ;
; D20      ; 307        ; 7A             ; ^HPS_CLK2                       ;        ;              ;                     ; --           ;                 ; --       ; --           ;
; D21      ; 304        ; 7A             ; ^GND                            ;        ;              ;                     ; --           ;                 ; --       ; --           ;
; D22      ; 303        ; 7A             ; ^HPS_TDI                        ;        ;              ;                     ; --           ;                 ; --       ; --           ;
; D23      ;            ;                ; DNU                             ;        ;              ;                     ; --           ;                 ; --       ; --           ;
; D24      ; 287        ; 6A             ; RESERVED_INPUT_WITH_WEAK_PULLUP ;        ;              ;                     ; Row I/O      ;                 ; no       ; On           ;
; D25      ; 293        ; 6A             ; HPS_RZQ_0                       ;        ;              ;                     ; --           ;                 ; no       ; On           ;
; D26      ; 269        ; 6A             ; RESERVED_INPUT_WITH_WEAK_PULLUP ;        ;              ;                     ; Row I/O      ;                 ; no       ; On           ;
; D27      ; 257        ; 6A             ; RESERVED_INPUT_WITH_WEAK_PULLUP ;        ;              ;                     ; Row I/O      ;                 ; no       ; On           ;
; D28      ; 255        ; 6A             ; RESERVED_INPUT_WITH_WEAK_PULLUP ;        ;              ;                     ; Row I/O      ;                 ; no       ; On           ;
; E1       ;            ;                ; GND                             ; gnd    ;              ;                     ; --           ;                 ; --       ; --           ;
; E2       ;            ;                ; GND                             ; gnd    ;              ;                     ; --           ;                 ; --       ; --           ;
; E3       ;            ;                ; GND                             ; gnd    ;              ;                     ; --           ;                 ; --       ; --           ;
; E4       ; 364        ; 7D             ; RESERVED_INPUT_WITH_WEAK_PULLUP ;        ;              ;                     ; Column I/O   ;                 ; no       ; On           ;
; E5       ; 376        ; 7D             ; RESERVED_INPUT_WITH_WEAK_PULLUP ;        ;              ;                     ; Column I/O   ;                 ; no       ; On           ;
; E6       ; 432        ; 9A             ; ^nCE                            ;        ;              ;                     ; --           ;                 ; --       ; --           ;
; E7       ;            ; 8A             ; VCCIO8A                         ; power  ;              ; 2.5V                ; --           ;                 ; --       ; --           ;
; E8       ; 385        ; 8A             ; RESERVED_INPUT_WITH_WEAK_PULLUP ;        ;              ;                     ; Column I/O   ;                 ; no       ; On           ;
; E9       ;            ;                ; GND                             ; gnd    ;              ;                     ; --           ;                 ; --       ; --           ;
; E10      ;            ; 8A             ; VCCPD8A                         ; power  ;              ; 2.5V                ; --           ;                 ; --       ; --           ;
; E11      ; 396        ; 8A             ; RESERVED_INPUT_WITH_WEAK_PULLUP ;        ;              ;                     ; Column I/O   ;                 ; no       ; On           ;
; E12      ;            ;                ; DNU                             ;        ;              ;                     ; --           ;                 ; --       ; --           ;
; E13      ;            ; 7D             ; VCCPD7D_HPS                     ; power  ;              ; 2.5V                ; --           ;                 ; --       ; --           ;
; E14      ;            ; 7C             ; VCCPD7C_HPS                     ; power  ;              ; 2.5V                ; --           ;                 ; --       ; --           ;
; E15      ;            ; --             ; VCC_AUX                         ; power  ;              ; 2.5V                ; --           ;                 ; --       ; --           ;
; E16      ; 334        ; 7B             ; RESERVED_INPUT_WITH_WEAK_PULLUP ;        ;              ;                     ; Column I/O   ;                 ; no       ; On           ;
; E17      ;            ; 7B             ; VCCPD7B_HPS                     ; power  ;              ; 2.5V                ; --           ;                 ; --       ; --           ;
; E18      ; 305        ; 7A             ; ^HPS_PORSEL                     ;        ;              ;                     ; --           ;                 ; --       ; --           ;
; E19      ;            ;                ; GND                             ; gnd    ;              ;                     ; --           ;                 ; --       ; --           ;
; E20      ; 306        ; 7A             ; ^HPS_CLK1                       ;        ;              ;                     ; --           ;                 ; --       ; --           ;
; E21      ;            ; 7A             ; VCCPD7A_HPS                     ; power  ;              ; 2.5V                ; --           ;                 ; --       ; --           ;
; E22      ;            ;                ; GND                             ; gnd    ;              ;                     ; --           ;                 ; --       ; --           ;
; E23      ; 295        ; 7A             ; ^GND                            ;        ;              ;                     ; --           ;                 ; --       ; --           ;
; E24      ;            ;                ; GND                             ; gnd    ;              ;                     ; --           ;                 ; --       ; --           ;
; E25      ; 291        ; 6A             ; RESERVED_INPUT_WITH_WEAK_PULLUP ;        ;              ;                     ; Row I/O      ;                 ; no       ; On           ;
; E26      ; 267        ; 6A             ; RESERVED_INPUT_WITH_WEAK_PULLUP ;        ;              ;                     ; Row I/O      ;                 ; no       ; On           ;
; E27      ;            ;                ; GND                             ; gnd    ;              ;                     ; --           ;                 ; --       ; --           ;
; E28      ; 259        ; 6A             ; RESERVED_INPUT_WITH_WEAK_PULLUP ;        ;              ;                     ; Row I/O      ;                 ; no       ; On           ;
; F1       ;            ;                ; GND                             ; gnd    ;              ;                     ; --           ;                 ; --       ; --           ;
; F2       ;            ;                ; GND                             ; gnd    ;              ;                     ; --           ;                 ; --       ; --           ;
; F3       ;            ;                ; GND                             ; gnd    ;              ;                     ; --           ;                 ; --       ; --           ;
; F4       ; 372        ; 7D             ; RESERVED_INPUT_WITH_WEAK_PULLUP ;        ;              ;                     ; Column I/O   ;                 ; no       ; On           ;
; F5       ; 366        ; 7D             ; RESERVED_INPUT_WITH_WEAK_PULLUP ;        ;              ;                     ; Column I/O   ;                 ; no       ; On           ;
; F6       ; 437        ; 9A             ; ^GND                            ;        ;              ;                     ; --           ;                 ; --       ; --           ;
; F7       ; 435        ; 9A             ; ^nCONFIG                        ;        ;              ;                     ; --           ;                 ; --       ; --           ;
; F8       ;            ; --             ; VCC_AUX                         ; power  ;              ; 2.5V                ; --           ;                 ; --       ; --           ;
; F21      ;            ; --             ; VCC_AUX_SHARED                  ; power  ;              ; 2.5V                ; --           ;                 ; --       ; --           ;
; F22      ;            ; --             ; VCCRSTCLK_HPS                   ; power  ;              ; 1.8V/2.5V/3.0V/3.3V ; --           ;                 ; --       ; --           ;
; F23      ; 294        ; 7A             ; ^GND                            ;        ;              ;                     ; --           ;                 ; --       ; --           ;
; F24      ; 292        ; 6A             ; RESERVED_INPUT_WITH_WEAK_PULLUP ;        ;              ;                     ; Row I/O      ;                 ; no       ; On           ;
; F25      ; 284        ; 6A             ; RESERVED_INPUT_WITH_WEAK_PULLUP ;        ;              ;                     ; Row I/O      ;                 ; no       ; On           ;
; F26      ; 282        ; 6A             ; RESERVED_INPUT_WITH_WEAK_PULLUP ;        ;              ;                     ; Row I/O      ;                 ; no       ; On           ;
; F27      ;            ; 6A             ; VCCIO6A_HPS                     ; power  ;              ; 2.5V                ; --           ;                 ; --       ; --           ;
; F28      ; 249        ; 6A             ; RESERVED_INPUT_WITH_WEAK_PULLUP ;        ;              ;                     ; Row I/O      ;                 ; no       ; On           ;
; G1       ;            ;                ; GND                             ; gnd    ;              ;                     ; --           ;                 ; --       ; --           ;
; G2       ;            ;                ; GND                             ; gnd    ;              ;                     ; --           ;                 ; --       ; --           ;
; G3       ;            ;                ; GND                             ; gnd    ;              ;                     ; --           ;                 ; --       ; --           ;
; G4       ; 374        ; 7D             ; RESERVED_INPUT_WITH_WEAK_PULLUP ;        ;              ;                     ; Column I/O   ;                 ; no       ; On           ;
; G5       ;            ; 7D             ; VCCIO7D_HPS                     ; power  ;              ; 2.5V                ; --           ;                 ; --       ; --           ;
; G6       ; 433        ; 9A             ; ^MSEL2                          ;        ;              ;                     ; --           ;                 ; --       ; --           ;
; G23      ; 290        ; 6A             ; RESERVED_INPUT_WITH_WEAK_PULLUP ;        ;              ;                     ; Row I/O      ;                 ; no       ; On           ;
; G24      ;            ; 6A             ; VCCIO6A_HPS                     ; power  ;              ; 2.5V                ; --           ;                 ; --       ; --           ;
; G25      ; 276        ; 6A             ; RESERVED_INPUT_WITH_WEAK_PULLUP ;        ;              ;                     ; Row I/O      ;                 ; no       ; On           ;
; G26      ; 253        ; 6A             ; RESERVED_INPUT_WITH_WEAK_PULLUP ;        ;              ;                     ; Row I/O      ;                 ; no       ; On           ;
; G27      ; 251        ; 6A             ; RESERVED_INPUT_WITH_WEAK_PULLUP ;        ;              ;                     ; Row I/O      ;                 ; no       ; On           ;
; G28      ; 247        ; 6A             ; RESERVED_INPUT_WITH_WEAK_PULLUP ;        ;              ;                     ; Row I/O      ;                 ; no       ; On           ;
; H1       ;            ;                ; DNU                             ;        ;              ;                     ; --           ;                 ; --       ; --           ;
; H2       ;            ;                ; DNU                             ;        ;              ;                     ; --           ;                 ; --       ; --           ;
; H3       ;            ;                ; GND                             ; gnd    ;              ;                     ; --           ;                 ; --       ; --           ;
; H4       ; 427        ; 8A             ; RESERVED_INPUT_WITH_WEAK_PULLUP ;        ;              ;                     ; Column I/O   ;                 ; no       ; On           ;
; H5       ; 423        ; 8A             ; RESERVED_INPUT_WITH_WEAK_PULLUP ;        ;              ;                     ; Column I/O   ;                 ; no       ; On           ;
; H6       ; 421        ; 8A             ; RESERVED_INPUT_WITH_WEAK_PULLUP ;        ;              ;                     ; Column I/O   ;                 ; no       ; On           ;
; H8       ; 431        ; 9A             ; ^nSTATUS                        ;        ;              ;                     ; --           ;                 ; --       ; --           ;
; H9       ; 430        ; 9A             ; ^MSEL1                          ;        ;              ;                     ; --           ;                 ; --       ; --           ;
; H10      ;            ; --             ; VCCPGM                          ; power  ;              ; 1.8V/2.5V/3.0V/3.3V ; --           ;                 ; --       ; --           ;
; H11      ;            ;                ; GND                             ; gnd    ;              ;                     ; --           ;                 ; --       ; --           ;
; H12      ; 358        ; 7C             ; RESERVED_INPUT_WITH_WEAK_PULLUP ;        ;              ;                     ; Column I/O   ;                 ; no       ; On           ;
; H13      ; 356        ; 7C             ; RESERVED_INPUT_WITH_WEAK_PULLUP ;        ;              ;                     ; Column I/O   ;                 ; no       ; On           ;
; H14      ;            ; 7B             ; VCCIO7B_HPS                     ; power  ;              ; 2.5V                ; --           ;                 ; --       ; --           ;
; H15      ;            ;                ; GND                             ; gnd    ;              ;                     ; --           ;                 ; --       ; --           ;
; H16      ; 344        ; 7B             ; RESERVED_INPUT_WITH_WEAK_PULLUP ;        ;              ;                     ; Column I/O   ;                 ; no       ; On           ;
; H17      ; 322        ; 7A             ; RESERVED_INPUT_WITH_WEAK_PULLUP ;        ;              ;                     ; Column I/O   ;                 ; no       ; On           ;
; H18      ;            ;                ; GND                             ; gnd    ;              ;                     ; --           ;                 ; --       ; --           ;
; H19      ; 297        ; 7A             ; ^HPS_nPOR                       ;        ;              ;                     ; --           ;                 ; --       ; --           ;
; H20      ;            ;                ; GND                             ; gnd    ;              ;                     ; --           ;                 ; --       ; --           ;
; H21      ;            ; 6A             ; VCCIO6A_HPS                     ; power  ;              ; 2.5V                ; --           ;                 ; --       ; --           ;
; H23      ;            ; --             ; VCCPLL_HPS                      ; power  ;              ; 2.5V                ; --           ;                 ; --       ; --           ;
; H24      ;            ;                ; GND                             ; gnd    ;              ;                     ; --           ;                 ; --       ; --           ;
; H25      ; 274        ; 6A             ; RESERVED_INPUT_WITH_WEAK_PULLUP ;        ;              ;                     ; Row I/O      ;                 ; no       ; On           ;
; H26      ;            ; 6A             ; VCCIO6A_HPS                     ; power  ;              ; 2.5V                ; --           ;                 ; --       ; --           ;
; H27      ;            ;                ; GND                             ; gnd    ;              ;                     ; --           ;                 ; --       ; --           ;
; H28      ; 261        ; 6A             ; RESERVED_INPUT_WITH_WEAK_PULLUP ;        ;              ;                     ; Row I/O      ;                 ; --       ; --           ;
; J1       ;            ;                ; GND                             ; gnd    ;              ;                     ; --           ;                 ; --       ; --           ;
; J2       ;            ;                ; GND                             ; gnd    ;              ;                     ; --           ;                 ; --       ; --           ;
; J3       ;            ;                ; GND                             ; gnd    ;              ;                     ; --           ;                 ; --       ; --           ;
; J4       ;            ; --             ; VCCA_FPLL                       ; power  ;              ; 2.5V                ; --           ;                 ; --       ; --           ;
; J5       ;            ;                ; GND                             ; gnd    ;              ;                     ; --           ;                 ; --       ; --           ;
; J8       ; 429        ; 9A             ; ^CONF_DONE                      ;        ;              ;                     ; --           ;                 ; --       ; --           ;
; J9       ;            ;                ; GND                             ; gnd    ;              ;                     ; --           ;                 ; --       ; --           ;
; J10      ; 428        ; 9A             ; ^MSEL0                          ;        ;              ;                     ; --           ;                 ; --       ; --           ;
; J11      ;            ; --             ; VCC                             ; power  ;              ; 1.1V                ; --           ;                 ; --       ; --           ;
; J12      ; 338        ; 7B             ; RESERVED_INPUT_WITH_WEAK_PULLUP ;        ;              ;                     ; Column I/O   ;                 ; no       ; On           ;
; J13      ; 336        ; 7B             ; RESERVED_INPUT_WITH_WEAK_PULLUP ;        ;              ;                     ; Column I/O   ;                 ; no       ; On           ;
; J14      ; 330        ; 7B             ; RESERVED_INPUT_WITH_WEAK_PULLUP ;        ;              ;                     ; Column I/O   ;                 ; no       ; On           ;
; J15      ; 328        ; 7B             ; RESERVED_INPUT_WITH_WEAK_PULLUP ;        ;              ;                     ; Column I/O   ;                 ; no       ; On           ;
; J16      ; 346        ; 7B             ; RESERVED_INPUT_WITH_WEAK_PULLUP ;        ;              ;                     ; Column I/O   ;                 ; no       ; On           ;
; J17      ; 320        ; 7A             ; RESERVED_INPUT_WITH_WEAK_PULLUP ;        ;              ;                     ; Column I/O   ;                 ; no       ; On           ;
; J18      ; 314        ; 7A             ; RESERVED_INPUT_WITH_WEAK_PULLUP ;        ;              ;                     ; Column I/O   ;                 ; no       ; On           ;
; J19      ; 299        ; 7A             ; ^VCCRSTCLK_HPS                  ;        ;              ;                     ; --           ;                 ; --       ; --           ;
; J20      ; 268        ; 6A             ; RESERVED_INPUT_WITH_WEAK_PULLUP ;        ;              ;                     ; Row I/O      ;                 ; no       ; On           ;
; J21      ; 266        ; 6A             ; RESERVED_INPUT_WITH_WEAK_PULLUP ;        ;              ;                     ; Row I/O      ;                 ; no       ; On           ;
; J24      ; 258        ; 6A             ; RESERVED_INPUT_WITH_WEAK_PULLUP ;        ;              ;                     ; Row I/O      ;                 ; no       ; On           ;
; J25      ; 260        ; 6A             ; RESERVED_INPUT_WITH_WEAK_PULLUP ;        ;              ;                     ; Row I/O      ;                 ; no       ; On           ;
; J26      ; 252        ; 6A             ; RESERVED_INPUT_WITH_WEAK_PULLUP ;        ;              ;                     ; Row I/O      ;                 ; no       ; On           ;
; J27      ; 243        ; 6A             ; RESERVED_INPUT_WITH_WEAK_PULLUP ;        ;              ;                     ; Row I/O      ;                 ; no       ; On           ;
; J28      ; 241        ; 6A             ; RESERVED_INPUT_WITH_WEAK_PULLUP ;        ;              ;                     ; Row I/O      ;                 ; no       ; On           ;
; K1       ;            ;                ; GND                             ; gnd    ;              ;                     ; --           ;                 ; --       ; --           ;
; K2       ;            ;                ; GND                             ; gnd    ;              ;                     ; --           ;                 ; --       ; --           ;
; K3       ;            ;                ; GND                             ; gnd    ;              ;                     ; --           ;                 ; --       ; --           ;
; K4       ;            ;                ; GND                             ; gnd    ;              ;                     ; --           ;                 ; --       ; --           ;
; K5       ;            ; --             ; VCCA_FPLL                       ; power  ;              ; 2.5V                ; --           ;                 ; --       ; --           ;
; K8       ; 426        ; 8A             ; RESERVED_INPUT_WITH_WEAK_PULLUP ;        ;              ;                     ; Column I/O   ;                 ; no       ; On           ;
; K9       ; 436        ; 9A             ; ^MSEL4                          ;        ;              ;                     ; --           ;                 ; --       ; --           ;
; K10      ; 434        ; 9A             ; ^MSEL3                          ;        ;              ;                     ; --           ;                 ; --       ; --           ;
; K11      ;            ;                ; GND                             ; gnd    ;              ;                     ; --           ;                 ; --       ; --           ;
; K12      ;            ;                ; GND                             ; gnd    ;              ;                     ; --           ;                 ; --       ; --           ;
; K13      ;            ; --             ; VCC                             ; power  ;              ; 1.1V                ; --           ;                 ; --       ; --           ;
; K14      ;            ;                ; GND                             ; gnd    ;              ;                     ; --           ;                 ; --       ; --           ;
; K15      ;            ; --             ; VCC                             ; power  ;              ; 1.1V                ; --           ;                 ; --       ; --           ;
; K16      ;            ;                ; GND                             ; gnd    ;              ;                     ; --           ;                 ; --       ; --           ;
; K17      ;            ; --             ; VCC_HPS                         ; power  ;              ; 1.1V                ; --           ;                 ; --       ; --           ;
; K18      ; 312        ; 7A             ; RESERVED_INPUT_WITH_WEAK_PULLUP ;        ;              ;                     ; Column I/O   ;                 ; no       ; On           ;
; K19      ; 301        ; 7A             ; ^HPS_TCK                        ;        ;              ;                     ; --           ;                 ; --       ; --           ;
; K20      ;            ;                ; GND                             ; gnd    ;              ;                     ; --           ;                 ; --       ; --           ;
; K21      ;            ; 6A, 6B         ; VCCPD6A6B_HPS                   ; power  ;              ; 2.5V                ; --           ;                 ; --       ; --           ;
; K24      ;            ; 6A, 6B         ; VCCPD6A6B_HPS                   ; power  ;              ; 2.5V                ; --           ;                 ; --       ; --           ;
; K25      ; 244        ; 6A             ; RESERVED_INPUT_WITH_WEAK_PULLUP ;        ;              ;                     ; Row I/O      ;                 ; no       ; On           ;
; K26      ; 250        ; 6A             ; RESERVED_INPUT_WITH_WEAK_PULLUP ;        ;              ;                     ; Row I/O      ;                 ; no       ; On           ;
; K27      ; 245        ; 6A             ; RESERVED_INPUT_WITH_WEAK_PULLUP ;        ;              ;                     ; Row I/O      ;                 ; no       ; On           ;
; K28      ; 239        ; 6A             ; RESERVED_INPUT_WITH_WEAK_PULLUP ;        ;              ;                     ; Row I/O      ;                 ; no       ; On           ;
; L1       ;            ;                ; GND                             ; gnd    ;              ;                     ; --           ;                 ; --       ; --           ;
; L2       ;            ;                ; GND                             ; gnd    ;              ;                     ; --           ;                 ; --       ; --           ;
; L3       ;            ;                ; GND                             ; gnd    ;              ;                     ; --           ;                 ; --       ; --           ;
; L4       ;            ; --             ; VCC                             ; power  ;              ; 1.1V                ; --           ;                 ; --       ; --           ;
; L5       ;            ;                ; GND                             ; gnd    ;              ;                     ; --           ;                 ; --       ; --           ;
; L8       ; 424        ; 8A             ; RESERVED_INPUT_WITH_WEAK_PULLUP ;        ;              ;                     ; Column I/O   ;                 ; no       ; On           ;
; L9       ; 422        ; 8A             ; RESERVED_INPUT_WITH_WEAK_PULLUP ;        ;              ;                     ; Column I/O   ;                 ; no       ; On           ;
; L10      ; 420        ; 8A             ; RESERVED_INPUT_WITH_WEAK_PULLUP ;        ;              ;                     ; Column I/O   ;                 ; no       ; On           ;
; L11      ;            ; --             ; VCC                             ; power  ;              ; 1.1V                ; --           ;                 ; --       ; --           ;
; L12      ;            ; --             ; VCC                             ; power  ;              ; 1.1V                ; --           ;                 ; --       ; --           ;
; L13      ;            ;                ; GND                             ; gnd    ;              ;                     ; --           ;                 ; --       ; --           ;
; L14      ;            ; --             ; VCC                             ; power  ;              ; 1.1V                ; --           ;                 ; --       ; --           ;
; L15      ;            ;                ; GND                             ; gnd    ;              ;                     ; --           ;                 ; --       ; --           ;
; L16      ;            ; --             ; VCC_HPS                         ; power  ;              ; 1.1V                ; --           ;                 ; --       ; --           ;
; L17      ;            ;                ; GND                             ; gnd    ;              ;                     ; --           ;                 ; --       ; --           ;
; L18      ;            ; --             ; VCC_HPS                         ; power  ;              ; 1.1V                ; --           ;                 ; --       ; --           ;
; L19      ;            ;                ; GND                             ; gnd    ;              ;                     ; --           ;                 ; --       ; --           ;
; L20      ; 288        ; 6A             ; RESERVED_INPUT_WITH_WEAK_PULLUP ;        ;              ;                     ; Row I/O      ;                 ; no       ; On           ;
; L21      ; 286        ; 6A             ; RESERVED_INPUT_WITH_WEAK_PULLUP ;        ;              ;                     ; Row I/O      ;                 ; no       ; On           ;
; L24      ;            ;                ; GND                             ; gnd    ;              ;                     ; --           ;                 ; --       ; --           ;
; L25      ; 242        ; 6A             ; RESERVED_INPUT_WITH_WEAK_PULLUP ;        ;              ;                     ; Row I/O      ;                 ; no       ; On           ;
; L26      ;            ; 6A             ; VCCIO6A_HPS                     ; power  ;              ; 2.5V                ; --           ;                 ; --       ; --           ;
; L27      ;            ;                ; GND                             ; gnd    ;              ;                     ; --           ;                 ; --       ; --           ;
; L28      ; 237        ; 6A             ; RESERVED_INPUT_WITH_WEAK_PULLUP ;        ;              ;                     ; Row I/O      ;                 ; no       ; On           ;
; M1       ;            ;                ; DNU                             ;        ;              ;                     ; --           ;                 ; --       ; --           ;
; M2       ;            ;                ; DNU                             ;        ;              ;                     ; --           ;                 ; --       ; --           ;
; M3       ;            ;                ; GND                             ; gnd    ;              ;                     ; --           ;                 ; --       ; --           ;
; M4       ;            ; --             ; VCCA_FPLL                       ; power  ;              ; 2.5V                ; --           ;                 ; --       ; --           ;
; M5       ;            ; --             ; VCC                             ; power  ;              ; 1.1V                ; --           ;                 ; --       ; --           ;
; M8       ;            ;                ; GND                             ; gnd    ;              ;                     ; --           ;                 ; --       ; --           ;
; M9       ;            ; --             ; VCC                             ; power  ;              ; 1.1V                ; --           ;                 ; --       ; --           ;
; M10      ;            ;                ; GND                             ; gnd    ;              ;                     ; --           ;                 ; --       ; --           ;
; M11      ;            ;                ; GND                             ; gnd    ;              ;                     ; --           ;                 ; --       ; --           ;
; M12      ;            ; --             ; VCC                             ; power  ;              ; 1.1V                ; --           ;                 ; --       ; --           ;
; M13      ;            ; --             ; VCC                             ; power  ;              ; 1.1V                ; --           ;                 ; --       ; --           ;
; M14      ;            ;                ; GND                             ; gnd    ;              ;                     ; --           ;                 ; --       ; --           ;
; M15      ;            ; --             ; VCC                             ; power  ;              ; 1.1V                ; --           ;                 ; --       ; --           ;
; M16      ;            ;                ; GND                             ; gnd    ;              ;                     ; --           ;                 ; --       ; --           ;
; M17      ;            ; --             ; VCC_HPS                         ; power  ;              ; 1.1V                ; --           ;                 ; --       ; --           ;
; M18      ;            ; --             ; VCC_HPS                         ; power  ;              ; 1.1V                ; --           ;                 ; --       ; --           ;
; M19      ;            ; --             ; VCC_HPS                         ; power  ;              ; 1.1V                ; --           ;                 ; --       ; --           ;
; M20      ;            ;                ; GND                             ; gnd    ;              ;                     ; --           ;                 ; --       ; --           ;
; M21      ;            ; 6A             ; VCCIO6A_HPS                     ; power  ;              ; 2.5V                ; --           ;                 ; --       ; --           ;
; M24      ;            ; 6A, 6B         ; VCCPD6A6B_HPS                   ; power  ;              ; 2.5V                ; --           ;                 ; --       ; --           ;
; M25      ; 246        ; 6A             ; RESERVED_INPUT_WITH_WEAK_PULLUP ;        ;              ;                     ; Row I/O      ;                 ; no       ; On           ;
; M26      ; 234        ; 6A             ; RESERVED_INPUT_WITH_WEAK_PULLUP ;        ;              ;                     ; Row I/O      ;                 ; no       ; On           ;
; M27      ; 236        ; 6A             ; RESERVED_INPUT_WITH_WEAK_PULLUP ;        ;              ;                     ; Row I/O      ;                 ; no       ; On           ;
; M28      ; 235        ; 6A             ; RESERVED_INPUT_WITH_WEAK_PULLUP ;        ;              ;                     ; Row I/O      ;                 ; no       ; On           ;
; N1       ;            ;                ; GND                             ; gnd    ;              ;                     ; --           ;                 ; --       ; --           ;
; N2       ;            ;                ; GND                             ; gnd    ;              ;                     ; --           ;                 ; --       ; --           ;
; N3       ;            ;                ; GND                             ; gnd    ;              ;                     ; --           ;                 ; --       ; --           ;
; N4       ;            ;                ; GND                             ; gnd    ;              ;                     ; --           ;                 ; --       ; --           ;
; N5       ;            ; --             ; VCC                             ; power  ;              ; 1.1V                ; --           ;                 ; --       ; --           ;
; N8       ;            ;                ; GND                             ; gnd    ;              ;                     ; --           ;                 ; --       ; --           ;
; N9       ;            ; --             ; VCC                             ; power  ;              ; 1.1V                ; --           ;                 ; --       ; --           ;
; N10      ;            ; --             ; VCC                             ; power  ;              ; 1.1V                ; --           ;                 ; --       ; --           ;
; N11      ;            ; --             ; VCC                             ; power  ;              ; 1.1V                ; --           ;                 ; --       ; --           ;
; N12      ;            ; --             ; VCC                             ; power  ;              ; 1.1V                ; --           ;                 ; --       ; --           ;
; N13      ;            ;                ; GND                             ; gnd    ;              ;                     ; --           ;                 ; --       ; --           ;
; N14      ;            ; --             ; VCC                             ; power  ;              ; 1.1V                ; --           ;                 ; --       ; --           ;
; N15      ;            ;                ; GND                             ; gnd    ;              ;                     ; --           ;                 ; --       ; --           ;
; N16      ;            ; --             ; VCC_HPS                         ; power  ;              ; 1.1V                ; --           ;                 ; --       ; --           ;
; N17      ;            ;                ; GND                             ; gnd    ;              ;                     ; --           ;                 ; --       ; --           ;
; N18      ;            ; --             ; VCC_HPS                         ; power  ;              ; 1.1V                ; --           ;                 ; --       ; --           ;
; N19      ;            ;                ; GND                             ; gnd    ;              ;                     ; --           ;                 ; --       ; --           ;
; N20      ; 272        ; 6A             ; RESERVED_INPUT_WITH_WEAK_PULLUP ;        ;              ;                     ; Row I/O      ;                 ; no       ; On           ;
; N21      ; 270        ; 6A             ; RESERVED_INPUT_WITH_WEAK_PULLUP ;        ;              ;                     ; Row I/O      ;                 ; no       ; On           ;
; N24      ; 228        ; 6B             ; RESERVED_INPUT_WITH_WEAK_PULLUP ;        ;              ;                     ; Row I/O      ;                 ; no       ; On           ;
; N25      ; 226        ; 6B             ; RESERVED_INPUT_WITH_WEAK_PULLUP ;        ;              ;                     ; Row I/O      ;                 ; no       ; On           ;
; N26      ; 220        ; 6B             ; RESERVED_INPUT_WITH_WEAK_PULLUP ;        ;              ;                     ; Row I/O      ;                 ; no       ; On           ;
; N27      ; 218        ; 6B             ; RESERVED_INPUT_WITH_WEAK_PULLUP ;        ;              ;                     ; Row I/O      ;                 ; no       ; On           ;
; N28      ; 233        ; 6A             ; RESERVED_INPUT_WITH_WEAK_PULLUP ;        ;              ;                     ; Row I/O      ;                 ; no       ; On           ;
; P1       ;            ;                ; GND                             ; gnd    ;              ;                     ; --           ;                 ; --       ; --           ;
; P2       ;            ;                ; GND                             ; gnd    ;              ;                     ; --           ;                 ; --       ; --           ;
; P3       ;            ;                ; GND                             ; gnd    ;              ;                     ; --           ;                 ; --       ; --           ;
; P4       ;            ; --             ; VCCA_FPLL                       ; power  ;              ; 2.5V                ; --           ;                 ; --       ; --           ;
; P5       ;            ;                ; GND                             ; gnd    ;              ;                     ; --           ;                 ; --       ; --           ;
; P8       ;            ;                ; GND                             ; gnd    ;              ;                     ; --           ;                 ; --       ; --           ;
; P9       ;            ;                ; GND                             ; gnd    ;              ;                     ; --           ;                 ; --       ; --           ;
; P10      ;            ;                ; GND                             ; gnd    ;              ;                     ; --           ;                 ; --       ; --           ;
; P11      ;            ; --             ; VCC                             ; power  ;              ; 1.1V                ; --           ;                 ; --       ; --           ;
; P12      ;            ;                ; GND                             ; gnd    ;              ;                     ; --           ;                 ; --       ; --           ;
; P13      ;            ; --             ; VCC                             ; power  ;              ; 1.1V                ; --           ;                 ; --       ; --           ;
; P14      ;            ; --             ; VCC                             ; power  ;              ; 1.1V                ; --           ;                 ; --       ; --           ;
; P15      ;            ; --             ; VCC                             ; power  ;              ; 1.1V                ; --           ;                 ; --       ; --           ;
; P16      ;            ;                ; GND                             ; gnd    ;              ;                     ; --           ;                 ; --       ; --           ;
; P17      ;            ; --             ; VCC_HPS                         ; power  ;              ; 1.1V                ; --           ;                 ; --       ; --           ;
; P18      ;            ;                ; GND                             ; gnd    ;              ;                     ; --           ;                 ; --       ; --           ;
; P19      ;            ; --             ; VCC_HPS                         ; power  ;              ; 1.1V                ; --           ;                 ; --       ; --           ;
; P20      ;            ;                ; GND                             ; gnd    ;              ;                     ; --           ;                 ; --       ; --           ;
; P21      ;            ; 6A, 6B         ; VCCPD6A6B_HPS                   ; power  ;              ; 2.5V                ; --           ;                 ; --       ; --           ;
; P24      ;            ; 6A, 6B         ; VCCPD6A6B_HPS                   ; power  ;              ; 2.5V                ; --           ;                 ; --       ; --           ;
; P25      ;            ;                ; GND                             ; gnd    ;              ;                     ; --           ;                 ; --       ; --           ;
; P26      ; 221        ; 6B             ; RESERVED_INPUT_WITH_WEAK_PULLUP ;        ;              ;                     ; Row I/O      ;                 ; no       ; On           ;
; P27      ;            ; 6B             ; VCCIO6B_HPS                     ; power  ;              ; 2.5V                ; --           ;                 ; --       ; --           ;
; P28      ; 231        ; 6A             ; RESERVED_INPUT_WITH_WEAK_PULLUP ;        ;              ;                     ; Row I/O      ;                 ; no       ; On           ;
; R1       ;            ;                ; GND                             ; gnd    ;              ;                     ; --           ;                 ; --       ; --           ;
; R2       ;            ;                ; GND                             ; gnd    ;              ;                     ; --           ;                 ; --       ; --           ;
; R3       ;            ;                ; GND                             ; gnd    ;              ;                     ; --           ;                 ; --       ; --           ;
; R4       ;            ; --             ; VCCA_FPLL                       ; power  ;              ; 2.5V                ; --           ;                 ; --       ; --           ;
; R5       ;            ; --             ; VCC                             ; power  ;              ; 1.1V                ; --           ;                 ; --       ; --           ;
; R8       ;            ;                ; GND                             ; gnd    ;              ;                     ; --           ;                 ; --       ; --           ;
; R9       ;            ; --             ; VCC                             ; power  ;              ; 1.1V                ; --           ;                 ; --       ; --           ;
; R10      ;            ; --             ; VCC                             ; power  ;              ; 1.1V                ; --           ;                 ; --       ; --           ;
; R11      ;            ;                ; GND                             ; gnd    ;              ;                     ; --           ;                 ; --       ; --           ;
; R12      ;            ; --             ; VCC                             ; power  ;              ; 1.1V                ; --           ;                 ; --       ; --           ;
; R13      ;            ;                ; GND                             ; gnd    ;              ;                     ; --           ;                 ; --       ; --           ;
; R14      ;            ; --             ; VCC                             ; power  ;              ; 1.1V                ; --           ;                 ; --       ; --           ;
; R15      ;            ;                ; GND                             ; gnd    ;              ;                     ; --           ;                 ; --       ; --           ;
; R16      ; 256        ; 6A             ; RESERVED_INPUT_WITH_WEAK_PULLUP ;        ;              ;                     ; Row I/O      ;                 ; no       ; On           ;
; R17      ; 254        ; 6A             ; RESERVED_INPUT_WITH_WEAK_PULLUP ;        ;              ;                     ; Row I/O      ;                 ; no       ; On           ;
; R18      ; 240        ; 6A             ; RESERVED_INPUT_WITH_WEAK_PULLUP ;        ;              ;                     ; Row I/O      ;                 ; no       ; On           ;
; R19      ; 238        ; 6A             ; RESERVED_INPUT_WITH_WEAK_PULLUP ;        ;              ;                     ; Row I/O      ;                 ; no       ; On           ;
; R20      ; 232        ; 6A             ; RESERVED_INPUT_WITH_WEAK_PULLUP ;        ;              ;                     ; Row I/O      ;                 ; no       ; On           ;
; R21      ; 230        ; 6A             ; RESERVED_INPUT_WITH_WEAK_PULLUP ;        ;              ;                     ; Row I/O      ;                 ; no       ; On           ;
; R24      ; 204        ; 6B             ; RESERVED_INPUT_WITH_WEAK_PULLUP ;        ;              ;                     ; Row I/O      ;                 ; no       ; On           ;
; R25      ; 210        ; 6B             ; RESERVED_INPUT_WITH_WEAK_PULLUP ;        ;              ;                     ; Row I/O      ;                 ; no       ; On           ;
; R26      ; 212        ; 6B             ; RESERVED_INPUT_WITH_WEAK_PULLUP ;        ;              ;                     ; Row I/O      ;                 ; no       ; On           ;
; R27      ; 219        ; 6B             ; RESERVED_INPUT_WITH_WEAK_PULLUP ;        ;              ;                     ; Row I/O      ;                 ; no       ; On           ;
; R28      ; 229        ; 6B             ; RESERVED_INPUT_WITH_WEAK_PULLUP ;        ;              ;                     ; Row I/O      ;                 ; no       ; On           ;
; T1       ;            ;                ; DNU                             ;        ;              ;                     ; --           ;                 ; --       ; --           ;
; T2       ;            ;                ; DNU                             ;        ;              ;                     ; --           ;                 ; --       ; --           ;
; T3       ;            ;                ; GND                             ; gnd    ;              ;                     ; --           ;                 ; --       ; --           ;
; T4       ;            ; --             ; VCC                             ; power  ;              ; 1.1V                ; --           ;                 ; --       ; --           ;
; T5       ;            ; --             ; VCC                             ; power  ;              ; 1.1V                ; --           ;                 ; --       ; --           ;
; T8       ; 42         ; 3A             ; RESERVED_INPUT_WITH_WEAK_PULLUP ;        ;              ;                     ; Column I/O   ;                 ; no       ; On           ;
; T9       ;            ; --             ; VCC                             ; power  ;              ; 1.1V                ; --           ;                 ; --       ; --           ;
; T10      ;            ;                ; GND                             ; gnd    ;              ;                     ; --           ;                 ; --       ; --           ;
; T11      ; 60         ; 3B             ; RESERVED_INPUT_WITH_WEAK_PULLUP ;        ;              ;                     ; Column I/O   ;                 ; no       ; On           ;
; T12      ; 74         ; 3B             ; RESERVED_INPUT_WITH_WEAK_PULLUP ;        ;              ;                     ; Column I/O   ;                 ; no       ; On           ;
; T13      ; 76         ; 3B             ; RESERVED_INPUT_WITH_WEAK_PULLUP ;        ;              ;                     ; Column I/O   ;                 ; no       ; On           ;
; T14      ;            ;                ; GND                             ; gnd    ;              ;                     ; --           ;                 ; --       ; --           ;
; T15      ;            ; --             ; VCC                             ; power  ;              ; 1.1V                ; --           ;                 ; --       ; --           ;
; T16      ; 214        ; 6B             ; RESERVED_INPUT_WITH_WEAK_PULLUP ;        ;              ;                     ; Row I/O      ;                 ; no       ; On           ;
; T17      ; 216        ; 6B             ; RESERVED_INPUT_WITH_WEAK_PULLUP ;        ;              ;                     ; Row I/O      ;                 ; no       ; On           ;
; T18      ; 224        ; 6B             ; RESERVED_INPUT_WITH_WEAK_PULLUP ;        ;              ;                     ; Row I/O      ;                 ; no       ; On           ;
; T19      ; 222        ; 6B             ; RESERVED_INPUT_WITH_WEAK_PULLUP ;        ;              ;                     ; Row I/O      ;                 ; no       ; On           ;
; T20      ; 208        ; 6B             ; RESERVED_INPUT_WITH_WEAK_PULLUP ;        ;              ;                     ; Row I/O      ;                 ; no       ; On           ;
; T21      ;            ; 6B             ; VCCIO6B_HPS                     ; power  ;              ; 2.5V                ; --           ;                 ; --       ; --           ;
; T24      ; 202        ; 6B             ; RESERVED_INPUT_WITH_WEAK_PULLUP ;        ;              ;                     ; Row I/O      ;                 ; no       ; On           ;
; T25      ;            ; 6B             ; VCCIO6B_HPS                     ; power  ;              ; 2.5V                ; --           ;                 ; --       ; --           ;
; T26      ; 196        ; 6B             ; RESERVED_INPUT_WITH_WEAK_PULLUP ;        ;              ;                     ; Row I/O      ;                 ; no       ; On           ;
; T27      ; 205        ; 6B             ; RESERVED_INPUT_WITH_WEAK_PULLUP ;        ;              ;                     ; Row I/O      ;                 ; --       ; --           ;
; T28      ; 227        ; 6B             ; RESERVED_INPUT_WITH_WEAK_PULLUP ;        ;              ;                     ; Row I/O      ;                 ; no       ; On           ;
; U1       ;            ;                ; GND                             ; gnd    ;              ;                     ; --           ;                 ; --       ; --           ;
; U2       ;            ;                ; GND                             ; gnd    ;              ;                     ; --           ;                 ; --       ; --           ;
; U3       ;            ;                ; GND                             ; gnd    ;              ;                     ; --           ;                 ; --       ; --           ;
; U4       ;            ; --             ; VCCA_FPLL                       ; power  ;              ; 2.5V                ; --           ;                 ; --       ; --           ;
; U5       ;            ;                ; GND                             ; gnd    ;              ;                     ; --           ;                 ; --       ; --           ;
; U8       ;            ;                ; DNU                             ;        ;              ;                     ; --           ;                 ; --       ; --           ;
; U9       ; 44         ; 3A             ; RESERVED_INPUT_WITH_WEAK_PULLUP ;        ;              ;                     ; Column I/O   ;                 ; no       ; On           ;
; U10      ; 48         ; 3A             ; RESERVED_INPUT_WITH_WEAK_PULLUP ;        ;              ;                     ; Column I/O   ;                 ; no       ; On           ;
; U11      ; 58         ; 3B             ; RESERVED_INPUT_WITH_WEAK_PULLUP ;        ;              ;                     ; Column I/O   ;                 ; no       ; On           ;
; U12      ;            ;                ; GND                             ; gnd    ;              ;                     ; --           ;                 ; --       ; --           ;
; U13      ; 90         ; 4A             ; RESERVED_INPUT_WITH_WEAK_PULLUP ;        ;              ;                     ; Column I/O   ;                 ; no       ; On           ;
; U14      ; 92         ; 4A             ; RESERVED_INPUT_WITH_WEAK_PULLUP ;        ;              ;                     ; Column I/O   ;                 ; no       ; On           ;
; U15      ; 200        ; 6B             ; RESERVED_INPUT_WITH_WEAK_PULLUP ;        ;              ;                     ; Row I/O      ;                 ; no       ; On           ;
; U16      ; 198        ; 6B             ; RESERVED_INPUT_WITH_WEAK_PULLUP ;        ;              ;                     ; Row I/O      ;                 ; no       ; On           ;
; U17      ;            ;                ; GND                             ; gnd    ;              ;                     ; --           ;                 ; --       ; --           ;
; U18      ;            ; 6B             ; VCCIO6B_HPS                     ; power  ;              ; 2.5V                ; --           ;                 ; --       ; --           ;
; U19      ; 206        ; 6B             ; RESERVED_INPUT_WITH_WEAK_PULLUP ;        ;              ;                     ; Row I/O      ;                 ; no       ; On           ;
; U20      ;            ;                ; GND                             ; gnd    ;              ;                     ; --           ;                 ; --       ; --           ;
; U21      ;            ; --             ; VCC_HPS                         ; power  ;              ; 1.1V                ; --           ;                 ; --       ; --           ;
; U24      ;            ;                ; GND                             ; gnd    ;              ;                     ; --           ;                 ; --       ; --           ;
; U25      ; 194        ; 6B             ; RESERVED_INPUT_WITH_WEAK_PULLUP ;        ;              ;                     ; Row I/O      ;                 ; no       ; On           ;
; U26      ;            ; --             ; VCC                             ; power  ;              ; 1.1V                ; --           ;                 ; --       ; --           ;
; U27      ;            ;                ; GND                             ; gnd    ;              ;                     ; --           ;                 ; --       ; --           ;
; U28      ; 225        ; 6B             ; RESERVED_INPUT_WITH_WEAK_PULLUP ;        ;              ;                     ; Row I/O      ;                 ; no       ; On           ;
; V1       ;            ;                ; GND                             ; gnd    ;              ;                     ; --           ;                 ; --       ; --           ;
; V2       ;            ;                ; GND                             ; gnd    ;              ;                     ; --           ;                 ; --       ; --           ;
; V3       ;            ;                ; GND                             ; gnd    ;              ;                     ; --           ;                 ; --       ; --           ;
; V4       ;            ;                ; GND                             ; gnd    ;              ;                     ; --           ;                 ; --       ; --           ;
; V5       ;            ;                ; GND                             ; gnd    ;              ;                     ; --           ;                 ; --       ; --           ;
; V8       ;            ;                ; GND                             ; gnd    ;              ;                     ; --           ;                 ; --       ; --           ;
; V9       ;            ;                ; GND                             ; gnd    ;              ;                     ; --           ;                 ; --       ; --           ;
; V10      ; 46         ; 3A             ; RESERVED_INPUT_WITH_WEAK_PULLUP ;        ;              ;                     ; Column I/O   ;                 ; no       ; On           ;
; V11      ; 68         ; 3B             ; CLOCK_50                        ; input  ; 2.5 V        ;                     ; Column I/O   ; Y               ; no       ; Off          ;
; V12      ; 84         ; 3B             ; RESERVED_INPUT_WITH_WEAK_PULLUP ;        ;              ;                     ; Column I/O   ;                 ; no       ; On           ;
; V13      ; 106        ; 4A             ; RESERVED_INPUT_WITH_WEAK_PULLUP ;        ;              ;                     ; Column I/O   ;                 ; no       ; On           ;
; V14      ;            ;                ; GND                             ; gnd    ;              ;                     ; --           ;                 ; --       ; --           ;
; V15      ; 181        ; 5A             ; RESERVED_INPUT_WITH_WEAK_PULLUP ;        ;              ;                     ; Row I/O      ;                 ; no       ; On           ;
; V16      ; 179        ; 5A             ; RESERVED_INPUT_WITH_WEAK_PULLUP ;        ;              ;                     ; Row I/O      ;                 ; no       ; On           ;
; V17      ; 192        ; 6B             ; RESERVED_INPUT_WITH_WEAK_PULLUP ;        ;              ;                     ; Row I/O      ;                 ; no       ; On           ;
; V18      ; 190        ; 6B             ; RESERVED_INPUT_WITH_WEAK_PULLUP ;        ;              ;                     ; Row I/O      ;                 ; no       ; On           ;
; V19      ; 188        ; 6B             ; RESERVED_INPUT_WITH_WEAK_PULLUP ;        ;              ;                     ; Row I/O      ;                 ; no       ; On           ;
; V20      ; 186        ; 6B             ; RESERVED_INPUT_WITH_WEAK_PULLUP ;        ;              ;                     ; Row I/O      ;                 ; no       ; On           ;
; V21      ;            ;                ; GND                             ; gnd    ;              ;                     ; --           ;                 ; --       ; --           ;
; V24      ; 191        ; 6B             ; RESERVED_INPUT_WITH_WEAK_PULLUP ;        ;              ;                     ; Row I/O      ;                 ; no       ; On           ;
; V25      ; 193        ; 6B             ; RESERVED_INPUT_WITH_WEAK_PULLUP ;        ;              ;                     ; Row I/O      ;                 ; no       ; On           ;
; V26      ;            ;                ; GND                             ; gnd    ;              ;                     ; --           ;                 ; --       ; --           ;
; V27      ; 217        ; 6B             ; RESERVED_INPUT_WITH_WEAK_PULLUP ;        ;              ;                     ; Row I/O      ;                 ; no       ; On           ;
; V28      ; 223        ; 6B             ; RESERVED_INPUT_WITH_WEAK_PULLUP ;        ;              ;                     ; Row I/O      ;                 ; no       ; On           ;
; W1       ;            ;                ; GND                             ; gnd    ;              ;                     ; --           ;                 ; --       ; --           ;
; W2       ;            ;                ; GND                             ; gnd    ;              ;                     ; --           ;                 ; --       ; --           ;
; W3       ;            ;                ; GND                             ; gnd    ;              ;                     ; --           ;                 ; --       ; --           ;
; W4       ;            ;                ; GND                             ; gnd    ;              ;                     ; --           ;                 ; --       ; --           ;
; W5       ;            ; --             ; VCCA_FPLL                       ; power  ;              ; 2.5V                ; --           ;                 ; --       ; --           ;
; W8       ; 40         ; 3A             ; RESERVED_INPUT_WITH_WEAK_PULLUP ;        ;              ;                     ; Column I/O   ;                 ; no       ; On           ;
; W9       ;            ; 3A             ; VCCIO3A                         ; power  ;              ; 2.5V                ; --           ;                 ; --       ; --           ;
; W10      ; 34         ; 3A             ; #TDI                            ; input  ;              ;                     ; --           ;                 ; --       ; --           ;
; W11      ; 66         ; 3B             ; RESERVED_INPUT_WITH_WEAK_PULLUP ;        ;              ;                     ; Column I/O   ;                 ; no       ; On           ;
; W12      ; 82         ; 3B             ; RESERVED_INPUT_WITH_WEAK_PULLUP ;        ;              ;                     ; Column I/O   ;                 ; no       ; On           ;
; W13      ;            ; 4A             ; VCCIO4A                         ; power  ;              ; 2.5V                ; --           ;                 ; --       ; --           ;
; W14      ; 108        ; 4A             ; RESERVED_INPUT_WITH_WEAK_PULLUP ;        ;              ;                     ; Column I/O   ;                 ; no       ; On           ;
; W15      ; 177        ; 5A             ; RESERVED_INPUT_WITH_WEAK_PULLUP ;        ;              ;                     ; Row I/O      ;                 ; no       ; On           ;
; W16      ;            ;                ; GND                             ; gnd    ;              ;                     ; --           ;                 ; --       ; --           ;
; W17      ;            ; 5A             ; VCCIO5A                         ; power  ;              ; 2.5V                ; --           ;                 ; --       ; --           ;
; W18      ;            ;                ; GND                             ; gnd    ;              ;                     ; --           ;                 ; --       ; --           ;
; W19      ;            ;                ; NC                              ;        ;              ;                     ; --           ;                 ; --       ; --           ;
; W20      ;            ;                ; GND                             ; gnd    ;              ;                     ; --           ;                 ; --       ; --           ;
; W21      ;            ;                ; GND                             ; gnd    ;              ;                     ; --           ;                 ; --       ; --           ;
; W24      ;            ;                ; GND                             ; gnd    ;              ;                     ; --           ;                 ; --       ; --           ;
; W25      ;            ;                ; NC                              ;        ;              ;                     ; --           ;                 ; --       ; --           ;
; W26      ; 209        ; 6B             ; RESERVED_INPUT_WITH_WEAK_PULLUP ;        ;              ;                     ; Row I/O      ;                 ; no       ; On           ;
; W27      ;            ; 6B             ; VCCIO6B_HPS                     ; power  ;              ; 2.5V                ; --           ;                 ; --       ; --           ;
; W28      ; 215        ; 6B             ; RESERVED_INPUT_WITH_WEAK_PULLUP ;        ;              ;                     ; Row I/O      ;                 ; no       ; On           ;
; Y1       ;            ;                ; DNU                             ;        ;              ;                     ; --           ;                 ; --       ; --           ;
; Y2       ;            ;                ; DNU                             ;        ;              ;                     ; --           ;                 ; --       ; --           ;
; Y3       ;            ;                ; GND                             ; gnd    ;              ;                     ; --           ;                 ; --       ; --           ;
; Y4       ; 39         ; 3A             ; RESERVED_INPUT_WITH_WEAK_PULLUP ;        ;              ;                     ; Column I/O   ;                 ; no       ; On           ;
; Y5       ; 41         ; 3A             ; RESERVED_INPUT_WITH_WEAK_PULLUP ;        ;              ;                     ; Column I/O   ;                 ; no       ; On           ;
; Y8       ; 38         ; 3A             ; RESERVED_INPUT_WITH_WEAK_PULLUP ;        ;              ;                     ; Column I/O   ;                 ; no       ; On           ;
; Y9       ; 28         ; 3A             ; #TDO                            ; output ;              ;                     ; --           ;                 ; --       ; --           ;
; Y10      ;            ; --             ; VCCPGM                          ; power  ;              ; 1.8V/2.5V/3.0V/3.3V ; --           ;                 ; --       ; --           ;
; Y11      ; 52         ; 3A             ; RESERVED_INPUT_WITH_WEAK_PULLUP ;        ;              ;                     ; Column I/O   ;                 ; no       ; On           ;
; Y12      ;            ;                ; GND                             ; gnd    ;              ;                     ; --           ;                 ; --       ; --           ;
; Y13      ; 100        ; 4A             ; RESERVED_INPUT_WITH_WEAK_PULLUP ;        ;              ;                     ; Column I/O   ;                 ; no       ; On           ;
; Y14      ;            ;                ; GND                             ; gnd    ;              ;                     ; --           ;                 ; --       ; --           ;
; Y15      ; 116        ; 4A             ; RESERVED_INPUT_WITH_WEAK_PULLUP ;        ;              ;                     ; Column I/O   ;                 ; no       ; On           ;
; Y16      ; 175        ; 5A             ; RESERVED_INPUT_WITH_WEAK_PULLUP ;        ;              ;                     ; Row I/O      ;                 ; no       ; On           ;
; Y17      ; 171        ; 5A             ; RESERVED_INPUT_WITH_WEAK_PULLUP ;        ;              ;                     ; Row I/O      ;                 ; no       ; On           ;
; Y18      ; 173        ; 5A             ; RESERVED_INPUT_WITH_WEAK_PULLUP ;        ;              ;                     ; Row I/O      ;                 ; no       ; On           ;
; Y19      ; 169        ; 5A             ; RESERVED_INPUT_WITH_WEAK_PULLUP ;        ;              ;                     ; Row I/O      ;                 ; no       ; On           ;
; Y20      ;            ;                ; GND                             ; gnd    ;              ;                     ; --           ;                 ; --       ; --           ;
; Y21      ;            ; 5A             ; VCCPD5A                         ; power  ;              ; 2.5V                ; --           ;                 ; --       ; --           ;
; Y24      ;            ;                ; GND                             ; gnd    ;              ;                     ; --           ;                 ; --       ; --           ;
; Y25      ;            ;                ; GND                             ; gnd    ;              ;                     ; --           ;                 ; --       ; --           ;
; Y26      ; 207        ; 6B             ; RESERVED_INPUT_WITH_WEAK_PULLUP ;        ;              ;                     ; Row I/O      ;                 ; no       ; On           ;
; Y27      ; 203        ; 6B             ; RESERVED_INPUT_WITH_WEAK_PULLUP ;        ;              ;                     ; Row I/O      ;                 ; no       ; On           ;
; Y28      ; 213        ; 6B             ; RESERVED_INPUT_WITH_WEAK_PULLUP ;        ;              ;                     ; Row I/O      ;                 ; no       ; On           ;
+----------+------------+----------------+---------------------------------+--------+--------------+---------------------+--------------+-----------------+----------+--------------+
Note: Pin directions (input, output or bidir) are based on device operating in user mode.


+------------------------------------------+
; I/O Assignment Warnings                  ;
+----------+-------------------------------+
; Pin Name ; Reason                        ;
+----------+-------------------------------+
; leds[0]  ; Incomplete set of assignments ;
; leds[1]  ; Incomplete set of assignments ;
; leds[2]  ; Incomplete set of assignments ;
; leds[3]  ; Incomplete set of assignments ;
; leds[4]  ; Incomplete set of assignments ;
; leds[5]  ; Incomplete set of assignments ;
; leds[6]  ; Incomplete set of assignments ;
; leds[7]  ; Incomplete set of assignments ;
; ct[0]    ; Incomplete set of assignments ;
; ct[1]    ; Incomplete set of assignments ;
; ct[2]    ; Incomplete set of assignments ;
; ct[3]    ; Incomplete set of assignments ;
; spkr     ; Incomplete set of assignments ;
; scl      ; Incomplete set of assignments ;
; sda      ; Incomplete set of assignments ;
; CLOCK_50 ; Incomplete set of assignments ;
; enc2_b   ; Incomplete set of assignments ;
; enc2_a   ; Incomplete set of assignments ;
; s1       ; Incomplete set of assignments ;
; s2       ; Incomplete set of assignments ;
+----------+-------------------------------+


+-------------------------------------------------------------------------------------------------------------------------------------------------------------------------------------------------------------------------------------------------------------------------------------------------------------------------------------------------------------------------------------------------------------------------------------+
; Fitter Resource Utilization by Entity                                                                                                                                                                                                                                                                                                                                                                                               ;
+---------------------------------+----------------------+----------------------------------+---------------------------------------------------+----------------------------------+----------------------+---------------------+---------------------------+---------------+-------------------+-------+------------+------+--------------+---------------------------------------------------+-----------------------+--------------+
; Compilation Hierarchy Node      ; ALMs needed [=A-B+C] ; [A] ALMs used in final placement ; [B] Estimate of ALMs recoverable by dense packing ; [C] Estimate of ALMs unavailable ; ALMs used for memory ; Combinational ALUTs ; Dedicated Logic Registers ; I/O Registers ; Block Memory Bits ; M10Ks ; DSP Blocks ; Pins ; Virtual Pins ; Full Hierarchy Name                               ; Entity Name           ; Library Name ;
+---------------------------------+----------------------+----------------------------------+---------------------------------------------------+----------------------------------+----------------------+---------------------+---------------------------+---------------+-------------------+-------+------------+------+--------------+---------------------------------------------------+-----------------------+--------------+
; |PN532_FireLink_Bridge          ; 243.0 (17.0)         ; 253.0 (17.0)                     ; 10.5 (0.0)                                        ; 0.5 (0.0)                        ; 0.0 (0.0)            ; 427 (27)            ; 119 (23)                  ; 0 (0)         ; 0                 ; 0     ; 6          ; 20   ; 0            ; |PN532_FireLink_Bridge                            ; PN532_FireLink_Bridge ; work         ;
;    |I2C_Master:i2c_master_inst| ; 91.2 (91.2)          ; 96.8 (96.8)                      ; 5.7 (5.7)                                         ; 0.0 (0.0)                        ; 0.0 (0.0)            ; 145 (145)           ; 15 (15)                   ; 0 (0)         ; 0                 ; 0     ; 0          ; 0    ; 0            ; |PN532_FireLink_Bridge|I2C_Master:i2c_master_inst ; I2C_Master            ; work         ;
;    |decode2:decode2_0|          ; 1.3 (1.3)            ; 1.5 (1.5)                        ; 0.2 (0.2)                                         ; 0.0 (0.0)                        ; 0.0 (0.0)            ; 3 (3)               ; 0 (0)                     ; 0 (0)         ; 0                 ; 0     ; 0          ; 0    ; 0            ; |PN532_FireLink_Bridge|decode2:decode2_0          ; decode2               ; work         ;
;    |decode7:decode7_0|          ; 3.5 (3.5)            ; 3.5 (3.5)                        ; 0.0 (0.0)                                         ; 0.0 (0.0)                        ; 0.0 (0.0)            ; 7 (7)               ; 0 (0)                     ; 0 (0)         ; 0                 ; 0     ; 0          ; 0    ; 0            ; |PN532_FireLink_Bridge|decode7:decode7_0          ; decode7               ; work         ;
;    |enc2freq:enc2freq_2|        ; 12.7 (12.7)          ; 12.7 (12.7)                      ; 0.0 (0.0)                                         ; 0.0 (0.0)                        ; 0.0 (0.0)            ; 22 (22)             ; 12 (12)                   ; 0 (0)         ; 0                 ; 0     ; 0          ; 0    ; 0            ; |PN532_FireLink_Bridge|enc2freq:enc2freq_2        ; enc2freq              ; work         ;
;    |encoder:encoder_2|          ; 1.0 (1.0)            ; 2.0 (2.0)                        ; 1.0 (1.0)                                         ; 0.0 (0.0)                        ; 0.0 (0.0)            ; 2 (2)               ; 4 (4)                     ; 0 (0)         ; 0                 ; 0     ; 0          ; 0    ; 0            ; |PN532_FireLink_Bridge|encoder:encoder_2          ; encoder               ; work         ;
;    |tonegen:tonegen_1|          ; 116.0 (116.0)        ; 119.5 (119.5)                    ; 4.0 (4.0)                                         ; 0.5 (0.5)                        ; 0.0 (0.0)            ; 221 (221)           ; 65 (65)                   ; 0 (0)         ; 0                 ; 0     ; 6          ; 0    ; 0            ; |PN532_FireLink_Bridge|tonegen:tonegen_1          ; tonegen               ; work         ;
+---------------------------------+----------------------+----------------------------------+---------------------------------------------------+----------------------------------+----------------------+---------------------+---------------------------+---------------+-------------------+-------+------------+------+--------------+---------------------------------------------------+-----------------------+--------------+
Note: For table entries with two numbers listed, the numbers in parentheses indicate the number of resources of the given type used by the specific entity alone. The numbers listed outside of parentheses indicate the total resources of the given type used by the specific entity and all of its sub-entities in the hierarchy.


+-------------------------------------------------------------------------------------------------------------------------+
; Delay Chain Summary                                                                                                     ;
+----------+----------+----+------+------+----+------+-------+--------+------------------------+--------------------------+
; Name     ; Pin Type ; D1 ; D3_0 ; D3_1 ; D4 ; D5   ; D5 OE ; D5 OCT ; T11 (Postamble Gating) ; T11 (Postamble Ungating) ;
+----------+----------+----+------+------+----+------+-------+--------+------------------------+--------------------------+
; leds[0]  ; Output   ; -- ; --   ; --   ; -- ; (0)  ; (31)  ; --     ; --                     ; --                       ;
; leds[1]  ; Output   ; -- ; --   ; --   ; -- ; (0)  ; (31)  ; --     ; --                     ; --                       ;
; leds[2]  ; Output   ; -- ; --   ; --   ; -- ; (0)  ; (31)  ; --     ; --                     ; --                       ;
; leds[3]  ; Output   ; -- ; --   ; --   ; -- ; (0)  ; (31)  ; --     ; --                     ; --                       ;
; leds[4]  ; Output   ; -- ; --   ; --   ; -- ; (0)  ; (31)  ; --     ; --                     ; --                       ;
; leds[5]  ; Output   ; -- ; --   ; --   ; -- ; (0)  ; (31)  ; --     ; --                     ; --                       ;
; leds[6]  ; Output   ; -- ; --   ; --   ; -- ; (0)  ; (31)  ; --     ; --                     ; --                       ;
; leds[7]  ; Output   ; -- ; --   ; --   ; -- ; (0)  ; (31)  ; --     ; --                     ; --                       ;
; ct[0]    ; Output   ; -- ; --   ; --   ; -- ; (0)  ; (31)  ; --     ; --                     ; --                       ;
; ct[1]    ; Output   ; -- ; --   ; --   ; -- ; (0)  ; (31)  ; --     ; --                     ; --                       ;
; ct[2]    ; Output   ; -- ; --   ; --   ; -- ; (0)  ; (31)  ; --     ; --                     ; --                       ;
; ct[3]    ; Output   ; -- ; --   ; --   ; -- ; (0)  ; (31)  ; --     ; --                     ; --                       ;
; spkr     ; Output   ; -- ; --   ; --   ; -- ; (0)  ; (31)  ; --     ; --                     ; --                       ;
; scl      ; Output   ; -- ; --   ; --   ; -- ; (0)  ; (31)  ; --     ; --                     ; --                       ;
; sda      ; Bidir    ; -- ; --   ; (0)  ; -- ; (0)  ; (31)  ; --     ; --                     ; --                       ;
; CLOCK_50 ; Input    ; -- ; (0)  ; --   ; -- ; --   ; --    ; --     ; --                     ; --                       ;
; enc2_b   ; Input    ; -- ; --   ; (0)  ; -- ; --   ; --    ; --     ; --                     ; --                       ;
; enc2_a   ; Input    ; -- ; --   ; (0)  ; -- ; --   ; --    ; --     ; --                     ; --                       ;
; s1       ; Input    ; -- ; --   ; (0)  ; -- ; --   ; --    ; --     ; --                     ; --                       ;
; s2       ; Input    ; -- ; (0)  ; --   ; -- ; --   ; --    ; --     ; --                     ; --                       ;
+----------+----------+----+------+------+----+------+-------+--------+------------------------+--------------------------+


+------------------------------------------------------------------------------+
; Pad To Core Delay Chain Fanout                                               ;
+------------------------------------------------+-------------------+---------+
; Source Pin / Fanout                            ; Pad To Core Index ; Setting ;
+------------------------------------------------+-------------------+---------+
; sda                                            ;                   ;         ;
;      - I2C_Master:i2c_master_inst|Selector29~0 ; 1                 ; 0       ;
;      - I2C_Master:i2c_master_inst|Selector27~0 ; 1                 ; 0       ;
;      - I2C_Master:i2c_master_inst|Selector10~1 ; 1                 ; 0       ;
;      - I2C_Master:i2c_master_inst|Selector13~4 ; 1                 ; 0       ;
; CLOCK_50                                       ;                   ;         ;
; enc2_b                                         ;                   ;         ;
;      - encoder:encoder_2|b_prev                ; 1                 ; 0       ;
;      - encoder:encoder_2|always0~0             ; 1                 ; 0       ;
;      - encoder:encoder_2|ccw~0                 ; 1                 ; 0       ;
; enc2_a                                         ;                   ;         ;
;      - encoder:encoder_2|a_prev                ; 1                 ; 0       ;
;      - encoder:encoder_2|always0~0             ; 1                 ; 0       ;
;      - encoder:encoder_2|ccw~0                 ; 1                 ; 0       ;
; s1                                             ;                   ;         ;
;      - reset_n                                 ; 1                 ; 0       ;
; s2                                             ;                   ;         ;
;      - onOff                                   ; 0                 ; 0       ;
;      - start_transfer~0                        ; 0                 ; 0       ;
+------------------------------------------------+-------------------+---------+


+-------------------------------------------------------------------------------------------------------------------------------------------------------------------------------------+
; Control Signals                                                                                                                                                                     ;
+------------------------------------------+---------------------+---------+---------------------------+--------+----------------------+------------------+---------------------------+
; Name                                     ; Location            ; Fan-Out ; Usage                     ; Global ; Global Resource Used ; Global Line Name ; Enable Signal Source Name ;
+------------------------------------------+---------------------+---------+---------------------------+--------+----------------------+------------------+---------------------------+
; CLOCK_50                                 ; PIN_V11             ; 125     ; Clock                     ; yes    ; Global Clock         ; GCLK6            ; --                        ;
; I2C_Master:i2c_master_inst|Selector24~0  ; MLABCELL_X42_Y2_N18 ; 1       ; Latch enable              ; no     ; --                   ; --               ; --                        ;
; I2C_Master:i2c_master_inst|Selector26~0  ; MLABCELL_X42_Y4_N18 ; 1       ; Latch enable              ; no     ; --                   ; --               ; --                        ;
; I2C_Master:i2c_master_inst|Selector28~0  ; LABCELL_X41_Y4_N12  ; 2       ; Latch enable              ; no     ; --                   ; --               ; --                        ;
; I2C_Master:i2c_master_inst|Selector32~0  ; LABCELL_X40_Y3_N54  ; 1       ; Latch enable              ; no     ; --                   ; --               ; --                        ;
; I2C_Master:i2c_master_inst|Selector33~0  ; LABCELL_X40_Y3_N57  ; 1       ; Latch enable              ; no     ; --                   ; --               ; --                        ;
; I2C_Master:i2c_master_inst|Selector34~0  ; LABCELL_X40_Y3_N18  ; 1       ; Latch enable              ; no     ; --                   ; --               ; --                        ;
; I2C_Master:i2c_master_inst|Selector35~0  ; LABCELL_X41_Y3_N18  ; 1       ; Latch enable              ; no     ; --                   ; --               ; --                        ;
; I2C_Master:i2c_master_inst|Selector36~0  ; LABCELL_X40_Y3_N30  ; 1       ; Latch enable              ; no     ; --                   ; --               ; --                        ;
; I2C_Master:i2c_master_inst|Selector37~0  ; LABCELL_X40_Y3_N6   ; 1       ; Latch enable              ; no     ; --                   ; --               ; --                        ;
; I2C_Master:i2c_master_inst|Selector38~0  ; LABCELL_X40_Y3_N33  ; 1       ; Latch enable              ; no     ; --                   ; --               ; --                        ;
; I2C_Master:i2c_master_inst|Selector39~0  ; LABCELL_X40_Y3_N9   ; 1       ; Latch enable              ; no     ; --                   ; --               ; --                        ;
; I2C_Master:i2c_master_inst|Selector40~0  ; LABCELL_X40_Y3_N21  ; 4       ; Latch enable              ; no     ; --                   ; --               ; --                        ;
; I2C_Master:i2c_master_inst|Selector41~2  ; MLABCELL_X42_Y5_N48 ; 1       ; Latch enable              ; no     ; --                   ; --               ; --                        ;
; I2C_Master:i2c_master_inst|Selector42~0  ; MLABCELL_X42_Y5_N0  ; 1       ; Latch enable              ; no     ; --                   ; --               ; --                        ;
; I2C_Master:i2c_master_inst|Selector44~0  ; LABCELL_X41_Y4_N0   ; 4       ; Latch enable              ; no     ; --                   ; --               ; --                        ;
; I2C_Master:i2c_master_inst|Selector51~1  ; LABCELL_X40_Y4_N15  ; 1       ; Latch enable              ; no     ; --                   ; --               ; --                        ;
; I2C_Master:i2c_master_inst|scl_tick[8]~0 ; LABCELL_X40_Y4_N36  ; 9       ; Sync. clear               ; no     ; --                   ; --               ; --                        ;
; I2C_Master:i2c_master_inst|sda_en        ; MLABCELL_X42_Y5_N36 ; 2       ; Output enable             ; no     ; --                   ; --               ; --                        ;
; enc2freq:enc2freq_2|ccw_pulse_count[1]~1 ; MLABCELL_X50_Y4_N54 ; 2       ; Clock enable              ; no     ; --                   ; --               ; --                        ;
; enc2freq:enc2freq_2|cw_pulse_count[1]~1  ; LABCELL_X49_Y4_N51  ; 2       ; Clock enable              ; no     ; --                   ; --               ; --                        ;
; reset_n                                  ; FF_X41_Y3_N2        ; 51      ; Async. clear, Sync. clear ; no     ; --                   ; --               ; --                        ;
+------------------------------------------+---------------------+---------+---------------------------+--------+----------------------+------------------+---------------------------+


+-----------------------------------------------------------------------------------------------------+
; Global & Other Fast Signals                                                                         ;
+----------+----------+---------+----------------------+------------------+---------------------------+
; Name     ; Location ; Fan-Out ; Global Resource Used ; Global Line Name ; Enable Signal Source Name ;
+----------+----------+---------+----------------------+------------------+---------------------------+
; CLOCK_50 ; PIN_V11  ; 125     ; Global Clock         ; GCLK6            ; --                        ;
+----------+----------+---------+----------------------+------------------+---------------------------+


+--------------------------------------------------------+
; Fitter DSP Block Usage Summary                         ;
+------------------------------------------+-------------+
; Statistic                                ; Number Used ;
+------------------------------------------+-------------+
; Two Independent 18x18                    ; 2           ;
; Sum of two 18x18                         ; 1           ;
; Independent 27x27                        ; 3           ;
; Total number of DSP blocks               ; 6           ;
;                                          ;             ;
; Fixed Point Unsigned Multiplier          ; 7           ;
; Fixed Point Dedicated Output Adder Chain ; 1           ;
+------------------------------------------+-------------+


+--------------------------------------------------------------------------------------------------------------------------------------------------------------------------------------------------------------------------------------------------------------------------------------------------------------------------------------------------------------------------------------------------------------------------------------+
; DSP Block Details                                                                                                                                                                                                                                                                                                                                                                                                                    ;
+-------------------------------------------+-----------------------+---------------+---------------------+------------------------+------------------------+------------------------+------------------------+------------------------+------------------------+-----------------+--------------------------------+---------------------+-------------------------------+------------------------------+------------------------------+
; Name                                      ; Mode                  ; Location      ; Sign Representation ; Data AX Input Register ; Data AY Input Register ; Data AZ Input Register ; Data BX Input Register ; Data BY Input Register ; Data BZ Input Register ; Output Register ; Dedicated Shift Register Chain ; Dedicated Pre-Adder ; Dedicated Coefficient Storage ; Dedicated Output Adder Chain ; Dedicated Output Accumulator ;
+-------------------------------------------+-----------------------+---------------+---------------------+------------------------+------------------------+------------------------+------------------------+------------------------+------------------------+-----------------+--------------------------------+---------------------+-------------------------------+------------------------------+------------------------------+
; tonegen:tonegen_1|Mult0~124               ; Two Independent 18x18 ; DSP_X52_Y1_N0 ; Unsigned            ; no                     ; yes                    ; --                     ; --                     ; --                     ; --                     ; no              ; no                             ; no                  ; no                            ; no                           ; no                           ;
; tonegen:tonegen_1|Mult0~mult_h_mult_hlmac ; Independent 27x27     ; DSP_X66_Y3_N0 ; Unsigned            ; no                     ; yes                    ; --                     ; --                     ; --                     ; --                     ; no              ; no                             ; no                  ; no                            ; yes                          ; no                           ;
; tonegen:tonegen_1|Mult0~836               ; Independent 27x27     ; DSP_X52_Y5_N0 ; Unsigned            ; yes                    ; no                     ; --                     ; --                     ; --                     ; --                     ; no              ; no                             ; no                  ; no                            ; no                           ; no                           ;
; tonegen:tonegen_1|Mult0~1245              ; Sum of two 18x18      ; DSP_X52_Y3_N0 ; Unsigned            ; no                     ; yes                    ; --                     ; yes                    ; no                     ; --                     ; no              ; no                             ; no                  ; no                            ; no                           ; no                           ;
; tonegen:tonegen_1|Mult0~1650              ; Independent 27x27     ; DSP_X66_Y5_N0 ; Unsigned            ; yes                    ; no                     ; --                     ; --                     ; --                     ; --                     ; no              ; no                             ; no                  ; no                            ; no                           ; no                           ;
; tonegen:tonegen_1|Mult0~1991              ; Two Independent 18x18 ; DSP_X52_Y7_N0 ; Unsigned            ; yes                    ; no                     ; --                     ; --                     ; --                     ; --                     ; no              ; no                             ; no                  ; no                            ; no                           ; no                           ;
+-------------------------------------------+-----------------------+---------------+---------------------+------------------------+------------------------+------------------------+------------------------+------------------------+------------------------+-----------------+--------------------------------+---------------------+-------------------------------+------------------------------+------------------------------+


+-----------------------------------------------------------------------+
; Routing Usage Summary                                                 ;
+---------------------------------------------+-------------------------+
; Routing Resource Type                       ; Usage                   ;
+---------------------------------------------+-------------------------+
; Block interconnects                         ; 948 / 130,276 ( < 1 % ) ;
; C12 interconnects                           ; 27 / 6,848 ( < 1 % )    ;
; C2 interconnects                            ; 554 / 51,436 ( 1 % )    ;
; C4 interconnects                            ; 269 / 25,120 ( 1 % )    ;
; DQS bus muxes                               ; 0 / 19 ( 0 % )          ;
; DQS-18 I/O buses                            ; 0 / 19 ( 0 % )          ;
; DQS-9 I/O buses                             ; 0 / 19 ( 0 % )          ;
; Direct links                                ; 75 / 130,276 ( < 1 % )  ;
; Global clocks                               ; 1 / 16 ( 6 % )          ;
; HPS SDRAM PLL inputs                        ; 0 / 1 ( 0 % )           ;
; HPS SDRAM PLL outputs                       ; 0 / 1 ( 0 % )           ;
; HPS_INTERFACE_BOOT_FROM_FPGA_INPUTs         ; 0 / 9 ( 0 % )           ;
; HPS_INTERFACE_CLOCKS_RESETS_INPUTs          ; 0 / 7 ( 0 % )           ;
; HPS_INTERFACE_CLOCKS_RESETS_OUTPUTs         ; 0 / 6 ( 0 % )           ;
; HPS_INTERFACE_CROSS_TRIGGER_INPUTs          ; 0 / 18 ( 0 % )          ;
; HPS_INTERFACE_CROSS_TRIGGER_OUTPUTs         ; 0 / 24 ( 0 % )          ;
; HPS_INTERFACE_DBG_APB_INPUTs                ; 0 / 37 ( 0 % )          ;
; HPS_INTERFACE_DBG_APB_OUTPUTs               ; 0 / 55 ( 0 % )          ;
; HPS_INTERFACE_DMA_INPUTs                    ; 0 / 16 ( 0 % )          ;
; HPS_INTERFACE_DMA_OUTPUTs                   ; 0 / 8 ( 0 % )           ;
; HPS_INTERFACE_FPGA2HPS_INPUTs               ; 0 / 287 ( 0 % )         ;
; HPS_INTERFACE_FPGA2HPS_OUTPUTs              ; 0 / 154 ( 0 % )         ;
; HPS_INTERFACE_FPGA2SDRAM_INPUTs             ; 0 / 852 ( 0 % )         ;
; HPS_INTERFACE_FPGA2SDRAM_OUTPUTs            ; 0 / 408 ( 0 % )         ;
; HPS_INTERFACE_HPS2FPGA_INPUTs               ; 0 / 165 ( 0 % )         ;
; HPS_INTERFACE_HPS2FPGA_LIGHT_WEIGHT_INPUTs  ; 0 / 67 ( 0 % )          ;
; HPS_INTERFACE_HPS2FPGA_LIGHT_WEIGHT_OUTPUTs ; 0 / 156 ( 0 % )         ;
; HPS_INTERFACE_HPS2FPGA_OUTPUTs              ; 0 / 282 ( 0 % )         ;
; HPS_INTERFACE_INTERRUPTS_INPUTs             ; 0 / 64 ( 0 % )          ;
; HPS_INTERFACE_INTERRUPTS_OUTPUTs            ; 0 / 42 ( 0 % )          ;
; HPS_INTERFACE_JTAG_OUTPUTs                  ; 0 / 5 ( 0 % )           ;
; HPS_INTERFACE_LOAN_IO_INPUTs                ; 0 / 142 ( 0 % )         ;
; HPS_INTERFACE_LOAN_IO_OUTPUTs               ; 0 / 85 ( 0 % )          ;
; HPS_INTERFACE_MPU_EVENT_STANDBY_INPUTs      ; 0 / 1 ( 0 % )           ;
; HPS_INTERFACE_MPU_EVENT_STANDBY_OUTPUTs     ; 0 / 5 ( 0 % )           ;
; HPS_INTERFACE_MPU_GENERAL_PURPOSE_INPUTs    ; 0 / 32 ( 0 % )          ;
; HPS_INTERFACE_MPU_GENERAL_PURPOSE_OUTPUTs   ; 0 / 32 ( 0 % )          ;
; HPS_INTERFACE_PERIPHERAL_CAN_INPUTs         ; 0 / 2 ( 0 % )           ;
; HPS_INTERFACE_PERIPHERAL_CAN_OUTPUTs        ; 0 / 2 ( 0 % )           ;
; HPS_INTERFACE_PERIPHERAL_EMAC_INPUTs        ; 0 / 32 ( 0 % )          ;
; HPS_INTERFACE_PERIPHERAL_EMAC_OUTPUTs       ; 0 / 34 ( 0 % )          ;
; HPS_INTERFACE_PERIPHERAL_I2C_INPUTs         ; 0 / 8 ( 0 % )           ;
; HPS_INTERFACE_PERIPHERAL_I2C_OUTPUTs        ; 0 / 8 ( 0 % )           ;
; HPS_INTERFACE_PERIPHERAL_NAND_INPUTs        ; 0 / 12 ( 0 % )          ;
; HPS_INTERFACE_PERIPHERAL_NAND_OUTPUTs       ; 0 / 18 ( 0 % )          ;
; HPS_INTERFACE_PERIPHERAL_QSPI_INPUTs        ; 0 / 4 ( 0 % )           ;
; HPS_INTERFACE_PERIPHERAL_QSPI_OUTPUTs       ; 0 / 13 ( 0 % )          ;
; HPS_INTERFACE_PERIPHERAL_SDMMC_INPUTs       ; 0 / 13 ( 0 % )          ;
; HPS_INTERFACE_PERIPHERAL_SDMMC_OUTPUTs      ; 0 / 22 ( 0 % )          ;
; HPS_INTERFACE_PERIPHERAL_SPI_MASTER_INPUTs  ; 0 / 4 ( 0 % )           ;
; HPS_INTERFACE_PERIPHERAL_SPI_MASTER_OUTPUTs ; 0 / 14 ( 0 % )          ;
; HPS_INTERFACE_PERIPHERAL_SPI_SLAVE_INPUTs   ; 0 / 6 ( 0 % )           ;
; HPS_INTERFACE_PERIPHERAL_SPI_SLAVE_OUTPUTs  ; 0 / 4 ( 0 % )           ;
; HPS_INTERFACE_PERIPHERAL_UART_INPUTs        ; 0 / 10 ( 0 % )          ;
; HPS_INTERFACE_PERIPHERAL_UART_OUTPUTs       ; 0 / 10 ( 0 % )          ;
; HPS_INTERFACE_PERIPHERAL_USB_INPUTs         ; 0 / 22 ( 0 % )          ;
; HPS_INTERFACE_PERIPHERAL_USB_OUTPUTs        ; 0 / 34 ( 0 % )          ;
; HPS_INTERFACE_STM_EVENT_INPUTs              ; 0 / 28 ( 0 % )          ;
; HPS_INTERFACE_TEST_INPUTs                   ; 0 / 610 ( 0 % )         ;
; HPS_INTERFACE_TEST_OUTPUTs                  ; 0 / 513 ( 0 % )         ;
; HPS_INTERFACE_TPIU_TRACE_INPUTs             ; 0 / 2 ( 0 % )           ;
; HPS_INTERFACE_TPIU_TRACE_OUTPUTs            ; 0 / 33 ( 0 % )          ;
; Horizontal periphery clocks                 ; 0 / 12 ( 0 % )          ;
; Local interconnects                         ; 101 / 31,760 ( < 1 % )  ;
; Quadrant clocks                             ; 0 / 72 ( 0 % )          ;
; R14 interconnects                           ; 189 / 6,046 ( 3 % )     ;
; R14/C12 interconnect drivers                ; 207 / 8,584 ( 2 % )     ;
; R3 interconnects                            ; 663 / 56,712 ( 1 % )    ;
; R6 interconnects                            ; 688 / 131,000 ( < 1 % ) ;
; Spine clocks                                ; 1 / 150 ( < 1 % )       ;
; Wire stub REs                               ; 0 / 6,650 ( 0 % )       ;
+---------------------------------------------+-------------------------+


+------------------------------------------+
; I/O Rules Summary                        ;
+----------------------------------+-------+
; I/O Rules Statistic              ; Total ;
+----------------------------------+-------+
; Total I/O Rules                  ; 28    ;
; Number of I/O Rules Passed       ; 11    ;
; Number of I/O Rules Failed       ; 0     ;
; Number of I/O Rules Unchecked    ; 0     ;
; Number of I/O Rules Inapplicable ; 17    ;
+----------------------------------+-------+


+----------------------------------------------------------------------------------------------------------------------------------------------------------------------------------------------------------------------------------------------------------+
; I/O Rules Details                                                                                                                                                                                                                                        ;
+--------------+-----------+-----------------------------------+------------------------------------------------------------------------------------+----------+-------------------------------------------------+---------------------+-------------------+
; Status       ; ID        ; Category                          ; Rule Description                                                                   ; Severity ; Information                                     ; Area                ; Extra Information ;
+--------------+-----------+-----------------------------------+------------------------------------------------------------------------------------+----------+-------------------------------------------------+---------------------+-------------------+
; Pass         ; IO_000001 ; Capacity Checks                   ; Number of pins in an I/O bank should not exceed the number of locations available. ; Critical ; 0 such failures found.                          ; I/O                 ;                   ;
; Inapplicable ; IO_000002 ; Capacity Checks                   ; Number of clocks in an I/O bank should not exceed the number of clocks available.  ; Critical ; No Global Signal assignments found.             ; I/O                 ;                   ;
; Pass         ; IO_000003 ; Capacity Checks                   ; Number of pins in a Vrefgroup should not exceed the number of locations available. ; Critical ; 0 such failures found.                          ; I/O                 ;                   ;
; Inapplicable ; IO_000004 ; Voltage Compatibility Checks      ; The I/O bank should support the requested VCCIO.                                   ; Critical ; No IOBANK_VCCIO assignments found.              ; I/O                 ;                   ;
; Inapplicable ; IO_000005 ; Voltage Compatibility Checks      ; The I/O bank should not have competing VREF values.                                ; Critical ; No VREF I/O Standard assignments found.         ; I/O                 ;                   ;
; Pass         ; IO_000006 ; Voltage Compatibility Checks      ; The I/O bank should not have competing VCCIO values.                               ; Critical ; 0 such failures found.                          ; I/O                 ;                   ;
; Pass         ; IO_000007 ; Valid Location Checks             ; Checks for unavailable locations.                                                  ; Critical ; 0 such failures found.                          ; I/O                 ;                   ;
; Inapplicable ; IO_000008 ; Valid Location Checks             ; Checks for reserved locations.                                                     ; Critical ; No reserved LogicLock region found.             ; I/O                 ;                   ;
; Pass         ; IO_000009 ; I/O Properties Checks for One I/O ; The location should support the requested I/O standard.                            ; Critical ; 0 such failures found.                          ; I/O                 ;                   ;
; Pass         ; IO_000010 ; I/O Properties Checks for One I/O ; The location should support the requested I/O direction.                           ; Critical ; 0 such failures found.                          ; I/O                 ;                   ;
; Inapplicable ; IO_000011 ; I/O Properties Checks for One I/O ; The location should support the requested Current Strength.                        ; Critical ; No Current Strength assignments found.          ; I/O                 ;                   ;
; Pass         ; IO_000012 ; I/O Properties Checks for One I/O ; The location should support the requested On Chip Termination value.               ; Critical ; 0 such failures found.                          ; I/O                 ;                   ;
; Inapplicable ; IO_000013 ; I/O Properties Checks for One I/O ; The location should support the requested Bus Hold value.                          ; Critical ; No Enable Bus-Hold Circuitry assignments found. ; I/O                 ;                   ;
; Pass         ; IO_000014 ; I/O Properties Checks for One I/O ; The location should support the requested Weak Pull Up value.                      ; Critical ; 0 such failures found.                          ; I/O                 ;                   ;
; Inapplicable ; IO_000015 ; I/O Properties Checks for One I/O ; The location should support the requested PCI Clamp Diode.                         ; Critical ; No Clamping Diode assignments found.            ; I/O                 ;                   ;
; Inapplicable ; IO_000018 ; I/O Properties Checks for One I/O ; The I/O standard should support the requested Current Strength.                    ; Critical ; No Current Strength assignments found.          ; I/O                 ;                   ;
; Pass         ; IO_000019 ; I/O Properties Checks for One I/O ; The I/O standard should support the requested On Chip Termination value.           ; Critical ; 0 such failures found.                          ; I/O                 ;                   ;
; Inapplicable ; IO_000020 ; I/O Properties Checks for One I/O ; The I/O standard should support the requested PCI Clamp Diode.                     ; Critical ; No Clamping Diode assignments found.            ; I/O                 ;                   ;
; Pass         ; IO_000021 ; I/O Properties Checks for One I/O ; The I/O standard should support the requested Weak Pull Up value.                  ; Critical ; 0 such failures found.                          ; I/O                 ;                   ;
; Inapplicable ; IO_000022 ; I/O Properties Checks for One I/O ; The I/O standard should support the requested Bus Hold value.                      ; Critical ; No Enable Bus-Hold Circuitry assignments found. ; I/O                 ;                   ;
; Inapplicable ; IO_000023 ; I/O Properties Checks for One I/O ; The I/O standard should support the Open Drain value.                              ; Critical ; No open drain assignments found.                ; I/O                 ;                   ;
; Pass         ; IO_000024 ; I/O Properties Checks for One I/O ; The I/O direction should support the On Chip Termination value.                    ; Critical ; 0 such failures found.                          ; I/O                 ;                   ;
; Inapplicable ; IO_000026 ; I/O Properties Checks for One I/O ; On Chip Termination and Current Strength should not be used at the same time.      ; Critical ; No Current Strength assignments found.          ; I/O                 ;                   ;
; Inapplicable ; IO_000027 ; I/O Properties Checks for One I/O ; Weak Pull Up and Bus Hold should not be used at the same time.                     ; Critical ; No Enable Bus-Hold Circuitry assignments found. ; I/O                 ;                   ;
; Inapplicable ; IO_000045 ; I/O Properties Checks for One I/O ; The I/O standard should support the requested Slew Rate value.                     ; Critical ; No Slew Rate assignments found.                 ; I/O                 ;                   ;
; Inapplicable ; IO_000046 ; I/O Properties Checks for One I/O ; The location should support the requested Slew Rate value.                         ; Critical ; No Slew Rate assignments found.                 ; I/O                 ;                   ;
; Inapplicable ; IO_000047 ; I/O Properties Checks for One I/O ; On Chip Termination and Slew Rate should not be used at the same time.             ; Critical ; No Slew Rate assignments found.                 ; I/O                 ;                   ;
; Inapplicable ; IO_000034 ; SI Related Distance Checks        ; Single-ended outputs should be 0 LAB row(s) away from a differential I/O.          ; High     ; No Differential I/O Standard assignments found. ; I/O                 ;                   ;
; ----         ; ----      ; Disclaimer                        ; OCT rules are checked but not reported.                                            ; None     ; ----                                            ; On Chip Termination ;                   ;
+--------------+-----------+-----------------------------------+------------------------------------------------------------------------------------+----------+-------------------------------------------------+---------------------+-------------------+


+--------------------------------------------------------------------------------------------------------------------------------------------------------------------------------------------------------------------------------------------------------------------------------------------------------------------------------------------------------------------------------------------------------------------------------------+
; I/O Rules Matrix                                                                                                                                                                                                                                                                                                                                                                                                                     ;
+--------------------+-----------+--------------+-----------+--------------+--------------+-----------+-----------+--------------+-----------+-----------+--------------+--------------+--------------+--------------+--------------+--------------+--------------+--------------+--------------+--------------+--------------+--------------+--------------+--------------+--------------+--------------+--------------+--------------+
; Pin/Rules          ; IO_000001 ; IO_000002    ; IO_000003 ; IO_000004    ; IO_000005    ; IO_000006 ; IO_000007 ; IO_000008    ; IO_000009 ; IO_000010 ; IO_000011    ; IO_000012    ; IO_000013    ; IO_000014    ; IO_000015    ; IO_000018    ; IO_000019    ; IO_000020    ; IO_000021    ; IO_000022    ; IO_000023    ; IO_000024    ; IO_000026    ; IO_000027    ; IO_000045    ; IO_000046    ; IO_000047    ; IO_000034    ;
+--------------------+-----------+--------------+-----------+--------------+--------------+-----------+-----------+--------------+-----------+-----------+--------------+--------------+--------------+--------------+--------------+--------------+--------------+--------------+--------------+--------------+--------------+--------------+--------------+--------------+--------------+--------------+--------------+--------------+
; Total Pass         ; 20        ; 0            ; 20        ; 0            ; 0            ; 20        ; 20        ; 0            ; 20        ; 20        ; 0            ; 15           ; 0            ; 4            ; 0            ; 0            ; 15           ; 0            ; 4            ; 0            ; 0            ; 15           ; 0            ; 0            ; 0            ; 0            ; 0            ; 0            ;
; Total Unchecked    ; 0         ; 0            ; 0         ; 0            ; 0            ; 0         ; 0         ; 0            ; 0         ; 0         ; 0            ; 0            ; 0            ; 0            ; 0            ; 0            ; 0            ; 0            ; 0            ; 0            ; 0            ; 0            ; 0            ; 0            ; 0            ; 0            ; 0            ; 0            ;
; Total Inapplicable ; 0         ; 20           ; 0         ; 20           ; 20           ; 0         ; 0         ; 20           ; 0         ; 0         ; 20           ; 5            ; 20           ; 16           ; 20           ; 20           ; 5            ; 20           ; 16           ; 20           ; 20           ; 5            ; 20           ; 20           ; 20           ; 20           ; 20           ; 20           ;
; Total Fail         ; 0         ; 0            ; 0         ; 0            ; 0            ; 0         ; 0         ; 0            ; 0         ; 0         ; 0            ; 0            ; 0            ; 0            ; 0            ; 0            ; 0            ; 0            ; 0            ; 0            ; 0            ; 0            ; 0            ; 0            ; 0            ; 0            ; 0            ; 0            ;
; leds[0]            ; Pass      ; Inapplicable ; Pass      ; Inapplicable ; Inapplicable ; Pass      ; Pass      ; Inapplicable ; Pass      ; Pass      ; Inapplicable ; Pass         ; Inapplicable ; Inapplicable ; Inapplicable ; Inapplicable ; Pass         ; Inapplicable ; Inapplicable ; Inapplicable ; Inapplicable ; Pass         ; Inapplicable ; Inapplicable ; Inapplicable ; Inapplicable ; Inapplicable ; Inapplicable ;
; leds[1]            ; Pass      ; Inapplicable ; Pass      ; Inapplicable ; Inapplicable ; Pass      ; Pass      ; Inapplicable ; Pass      ; Pass      ; Inapplicable ; Pass         ; Inapplicable ; Inapplicable ; Inapplicable ; Inapplicable ; Pass         ; Inapplicable ; Inapplicable ; Inapplicable ; Inapplicable ; Pass         ; Inapplicable ; Inapplicable ; Inapplicable ; Inapplicable ; Inapplicable ; Inapplicable ;
; leds[2]            ; Pass      ; Inapplicable ; Pass      ; Inapplicable ; Inapplicable ; Pass      ; Pass      ; Inapplicable ; Pass      ; Pass      ; Inapplicable ; Pass         ; Inapplicable ; Inapplicable ; Inapplicable ; Inapplicable ; Pass         ; Inapplicable ; Inapplicable ; Inapplicable ; Inapplicable ; Pass         ; Inapplicable ; Inapplicable ; Inapplicable ; Inapplicable ; Inapplicable ; Inapplicable ;
; leds[3]            ; Pass      ; Inapplicable ; Pass      ; Inapplicable ; Inapplicable ; Pass      ; Pass      ; Inapplicable ; Pass      ; Pass      ; Inapplicable ; Pass         ; Inapplicable ; Inapplicable ; Inapplicable ; Inapplicable ; Pass         ; Inapplicable ; Inapplicable ; Inapplicable ; Inapplicable ; Pass         ; Inapplicable ; Inapplicable ; Inapplicable ; Inapplicable ; Inapplicable ; Inapplicable ;
; leds[4]            ; Pass      ; Inapplicable ; Pass      ; Inapplicable ; Inapplicable ; Pass      ; Pass      ; Inapplicable ; Pass      ; Pass      ; Inapplicable ; Pass         ; Inapplicable ; Inapplicable ; Inapplicable ; Inapplicable ; Pass         ; Inapplicable ; Inapplicable ; Inapplicable ; Inapplicable ; Pass         ; Inapplicable ; Inapplicable ; Inapplicable ; Inapplicable ; Inapplicable ; Inapplicable ;
; leds[5]            ; Pass      ; Inapplicable ; Pass      ; Inapplicable ; Inapplicable ; Pass      ; Pass      ; Inapplicable ; Pass      ; Pass      ; Inapplicable ; Pass         ; Inapplicable ; Inapplicable ; Inapplicable ; Inapplicable ; Pass         ; Inapplicable ; Inapplicable ; Inapplicable ; Inapplicable ; Pass         ; Inapplicable ; Inapplicable ; Inapplicable ; Inapplicable ; Inapplicable ; Inapplicable ;
; leds[6]            ; Pass      ; Inapplicable ; Pass      ; Inapplicable ; Inapplicable ; Pass      ; Pass      ; Inapplicable ; Pass      ; Pass      ; Inapplicable ; Pass         ; Inapplicable ; Inapplicable ; Inapplicable ; Inapplicable ; Pass         ; Inapplicable ; Inapplicable ; Inapplicable ; Inapplicable ; Pass         ; Inapplicable ; Inapplicable ; Inapplicable ; Inapplicable ; Inapplicable ; Inapplicable ;
; leds[7]            ; Pass      ; Inapplicable ; Pass      ; Inapplicable ; Inapplicable ; Pass      ; Pass      ; Inapplicable ; Pass      ; Pass      ; Inapplicable ; Pass         ; Inapplicable ; Inapplicable ; Inapplicable ; Inapplicable ; Pass         ; Inapplicable ; Inapplicable ; Inapplicable ; Inapplicable ; Pass         ; Inapplicable ; Inapplicable ; Inapplicable ; Inapplicable ; Inapplicable ; Inapplicable ;
; ct[0]              ; Pass      ; Inapplicable ; Pass      ; Inapplicable ; Inapplicable ; Pass      ; Pass      ; Inapplicable ; Pass      ; Pass      ; Inapplicable ; Pass         ; Inapplicable ; Inapplicable ; Inapplicable ; Inapplicable ; Pass         ; Inapplicable ; Inapplicable ; Inapplicable ; Inapplicable ; Pass         ; Inapplicable ; Inapplicable ; Inapplicable ; Inapplicable ; Inapplicable ; Inapplicable ;
; ct[1]              ; Pass      ; Inapplicable ; Pass      ; Inapplicable ; Inapplicable ; Pass      ; Pass      ; Inapplicable ; Pass      ; Pass      ; Inapplicable ; Pass         ; Inapplicable ; Inapplicable ; Inapplicable ; Inapplicable ; Pass         ; Inapplicable ; Inapplicable ; Inapplicable ; Inapplicable ; Pass         ; Inapplicable ; Inapplicable ; Inapplicable ; Inapplicable ; Inapplicable ; Inapplicable ;
; ct[2]              ; Pass      ; Inapplicable ; Pass      ; Inapplicable ; Inapplicable ; Pass      ; Pass      ; Inapplicable ; Pass      ; Pass      ; Inapplicable ; Pass         ; Inapplicable ; Inapplicable ; Inapplicable ; Inapplicable ; Pass         ; Inapplicable ; Inapplicable ; Inapplicable ; Inapplicable ; Pass         ; Inapplicable ; Inapplicable ; Inapplicable ; Inapplicable ; Inapplicable ; Inapplicable ;
; ct[3]              ; Pass      ; Inapplicable ; Pass      ; Inapplicable ; Inapplicable ; Pass      ; Pass      ; Inapplicable ; Pass      ; Pass      ; Inapplicable ; Pass         ; Inapplicable ; Inapplicable ; Inapplicable ; Inapplicable ; Pass         ; Inapplicable ; Inapplicable ; Inapplicable ; Inapplicable ; Pass         ; Inapplicable ; Inapplicable ; Inapplicable ; Inapplicable ; Inapplicable ; Inapplicable ;
; spkr               ; Pass      ; Inapplicable ; Pass      ; Inapplicable ; Inapplicable ; Pass      ; Pass      ; Inapplicable ; Pass      ; Pass      ; Inapplicable ; Pass         ; Inapplicable ; Inapplicable ; Inapplicable ; Inapplicable ; Pass         ; Inapplicable ; Inapplicable ; Inapplicable ; Inapplicable ; Pass         ; Inapplicable ; Inapplicable ; Inapplicable ; Inapplicable ; Inapplicable ; Inapplicable ;
; scl                ; Pass      ; Inapplicable ; Pass      ; Inapplicable ; Inapplicable ; Pass      ; Pass      ; Inapplicable ; Pass      ; Pass      ; Inapplicable ; Pass         ; Inapplicable ; Pass         ; Inapplicable ; Inapplicable ; Pass         ; Inapplicable ; Pass         ; Inapplicable ; Inapplicable ; Pass         ; Inapplicable ; Inapplicable ; Inapplicable ; Inapplicable ; Inapplicable ; Inapplicable ;
; sda                ; Pass      ; Inapplicable ; Pass      ; Inapplicable ; Inapplicable ; Pass      ; Pass      ; Inapplicable ; Pass      ; Pass      ; Inapplicable ; Pass         ; Inapplicable ; Pass         ; Inapplicable ; Inapplicable ; Pass         ; Inapplicable ; Pass         ; Inapplicable ; Inapplicable ; Pass         ; Inapplicable ; Inapplicable ; Inapplicable ; Inapplicable ; Inapplicable ; Inapplicable ;
; CLOCK_50           ; Pass      ; Inapplicable ; Pass      ; Inapplicable ; Inapplicable ; Pass      ; Pass      ; Inapplicable ; Pass      ; Pass      ; Inapplicable ; Inapplicable ; Inapplicable ; Inapplicable ; Inapplicable ; Inapplicable ; Inapplicable ; Inapplicable ; Inapplicable ; Inapplicable ; Inapplicable ; Inapplicable ; Inapplicable ; Inapplicable ; Inapplicable ; Inapplicable ; Inapplicable ; Inapplicable ;
; enc2_b             ; Pass      ; Inapplicable ; Pass      ; Inapplicable ; Inapplicable ; Pass      ; Pass      ; Inapplicable ; Pass      ; Pass      ; Inapplicable ; Inapplicable ; Inapplicable ; Pass         ; Inapplicable ; Inapplicable ; Inapplicable ; Inapplicable ; Pass         ; Inapplicable ; Inapplicable ; Inapplicable ; Inapplicable ; Inapplicable ; Inapplicable ; Inapplicable ; Inapplicable ; Inapplicable ;
; enc2_a             ; Pass      ; Inapplicable ; Pass      ; Inapplicable ; Inapplicable ; Pass      ; Pass      ; Inapplicable ; Pass      ; Pass      ; Inapplicable ; Inapplicable ; Inapplicable ; Pass         ; Inapplicable ; Inapplicable ; Inapplicable ; Inapplicable ; Pass         ; Inapplicable ; Inapplicable ; Inapplicable ; Inapplicable ; Inapplicable ; Inapplicable ; Inapplicable ; Inapplicable ; Inapplicable ;
; s1                 ; Pass      ; Inapplicable ; Pass      ; Inapplicable ; Inapplicable ; Pass      ; Pass      ; Inapplicable ; Pass      ; Pass      ; Inapplicable ; Inapplicable ; Inapplicable ; Inapplicable ; Inapplicable ; Inapplicable ; Inapplicable ; Inapplicable ; Inapplicable ; Inapplicable ; Inapplicable ; Inapplicable ; Inapplicable ; Inapplicable ; Inapplicable ; Inapplicable ; Inapplicable ; Inapplicable ;
; s2                 ; Pass      ; Inapplicable ; Pass      ; Inapplicable ; Inapplicable ; Pass      ; Pass      ; Inapplicable ; Pass      ; Pass      ; Inapplicable ; Inapplicable ; Inapplicable ; Inapplicable ; Inapplicable ; Inapplicable ; Inapplicable ; Inapplicable ; Inapplicable ; Inapplicable ; Inapplicable ; Inapplicable ; Inapplicable ; Inapplicable ; Inapplicable ; Inapplicable ; Inapplicable ; Inapplicable ;
+--------------------+-----------+--------------+-----------+--------------+--------------+-----------+-----------+--------------+-----------+-----------+--------------+--------------+--------------+--------------+--------------+--------------+--------------+--------------+--------------+--------------+--------------+--------------+--------------+--------------+--------------+--------------+--------------+--------------+


+------------------------------------------------------------------------------------------------+
; Fitter Device Options                                                                          ;
+------------------------------------------------------------------+-----------------------------+
; Option                                                           ; Setting                     ;
+------------------------------------------------------------------+-----------------------------+
; Enable user-supplied start-up clock (CLKUSR)                     ; Off                         ;
; Enable device-wide reset (DEV_CLRn)                              ; Off                         ;
; Enable device-wide output enable (DEV_OE)                        ; Off                         ;
; Enable INIT_DONE output                                          ; Off                         ;
; Configuration scheme                                             ; Passive Serial              ;
; Enable Error Detection CRC_ERROR pin                             ; Off                         ;
; Enable CvP_CONFDONE pin                                          ; Off                         ;
; Enable open drain on CRC_ERROR pin                               ; On                          ;
; Enable open drain on CvP_CONFDONE pin                            ; On                          ;
; Enable open drain on INIT_DONE pin                               ; On                          ;
; Enable open drain on Partial Reconfiguration pins                ; Off                         ;
; Enable open drain on nCEO pin                                    ; On                          ;
; Enable Partial Reconfiguration pins                              ; Off                         ;
; Enable input tri-state on active configuration pins in user mode ; Off                         ;
; Enable internal scrubbing                                        ; Off                         ;
; Active Serial clock source                                       ; 100 MHz Internal Oscillator ;
; Device initialization clock source                               ; Internal Oscillator         ;
; Configuration via Protocol                                       ; Off                         ;
; Configuration Voltage Level                                      ; Auto                        ;
; Force Configuration Voltage Level                                ; Off                         ;
; Enable nCEO output                                               ; Off                         ;
; Data[15..8]                                                      ; Unreserved                  ;
; Data[7..5]                                                       ; Unreserved                  ;
; Base pin-out file on sameframe device                            ; Off                         ;
+------------------------------------------------------------------+-----------------------------+


+------------------------------------+
; Operating Settings and Conditions  ;
+---------------------------+--------+
; Setting                   ; Value  ;
+---------------------------+--------+
; Nominal Core Voltage      ; 1.10 V ;
; Low Junction Temperature  ; 0 °C   ;
; High Junction Temperature ; 85 °C  ;
+---------------------------+--------+


+----------------------------------------------------------------------------------------------------------------------------------------------------------------------------------------------------------------+
; Estimated Delay Added for Hold Timing Summary                                                                                                                                                                  ;
+----------------------------------------------------------------------------------------------------+---------------------------------------------------------------------------------------+-------------------+
; Source Clock(s)                                                                                    ; Destination Clock(s)                                                                  ; Delay Added in ns ;
+----------------------------------------------------------------------------------------------------+---------------------------------------------------------------------------------------+-------------------+
; I2C_Master:i2c_master_inst|I2C_write_read_mode,I2C_Master:i2c_master_inst|scl_tick[0]              ; I2C_Master:i2c_master_inst|I2C_write_read_mode,I2C_Master:i2c_master_inst|scl_tick[0] ; 67.1              ;
; CLOCK_50                                                                                           ; CLOCK_50                                                                              ; 47.5              ;
; CLOCK_50,I2C_Master:i2c_master_inst|I2C_write_read_mode,I2C_Master:i2c_master_inst|scl_tick[0]     ; I2C_Master:i2c_master_inst|I2C_write_read_mode,I2C_Master:i2c_master_inst|scl_tick[0] ; 39.7              ;
; I2C_Master:i2c_master_inst|scl_tick[0]                                                             ; I2C_Master:i2c_master_inst|I2C_write_read_mode,I2C_Master:i2c_master_inst|scl_tick[0] ; 31.4              ;
; CLOCK_50                                                                                           ; I2C_Master:i2c_master_inst|I2C_write_read_mode,I2C_Master:i2c_master_inst|scl_tick[0] ; 28.4              ;
; I2C_Master:i2c_master_inst|scl_tick[0]                                                             ; CLOCK_50                                                                              ; 23.7              ;
; CLOCK_50,I2C_Master:i2c_master_inst|I2C_write_read_mode,I2C_Master:i2c_master_inst|scl_tick[0],I/O ; I2C_Master:i2c_master_inst|I2C_write_read_mode,I2C_Master:i2c_master_inst|scl_tick[0] ; 17.4              ;
; CLOCK_50,I2C_Master:i2c_master_inst|scl_tick[0]                                                    ; I2C_Master:i2c_master_inst|I2C_write_read_mode,I2C_Master:i2c_master_inst|scl_tick[0] ; 16.3              ;
; I2C_Master:i2c_master_inst|I2C_write_read_mode,I2C_Master:i2c_master_inst|scl_tick[0]              ; CLOCK_50                                                                              ; 10.9              ;
; CLOCK_50,I2C_Master:i2c_master_inst|I2C_write_read_mode,I2C_Master:i2c_master_inst|scl_tick[0]     ; CLOCK_50                                                                              ; 8.6               ;
+----------------------------------------------------------------------------------------------------+---------------------------------------------------------------------------------------+-------------------+
Note: For more information on problematic transfers, consider running the Fitter again with the Optimize hold timing option (Settings Menu) turned off.
This will disable optimization of problematic paths and expose them for further analysis using the Timing Analyzer.


+-----------------------------------------------------------------------------------------------------------------+
; Estimated Delay Added for Hold Timing Details                                                                   ;
+------------------------------------------------+--------------------------------------------+-------------------+
; Source Register                                ; Destination Register                       ; Delay Added in ns ;
+------------------------------------------------+--------------------------------------------+-------------------+
; I2C_Master:i2c_master_inst|I2C_write_read_mode ; I2C_Master:i2c_master_inst|bit_cnt[2]      ; 5.200             ;
; I2C_Master:i2c_master_inst|scl_tick[6]         ; I2C_Master:i2c_master_inst|bit_cnt[1]      ; 4.944             ;
; I2C_Master:i2c_master_inst|scl_tick[5]         ; I2C_Master:i2c_master_inst|bit_cnt[1]      ; 4.944             ;
; I2C_Master:i2c_master_inst|scl_tick[4]         ; I2C_Master:i2c_master_inst|bit_cnt[1]      ; 4.944             ;
; I2C_Master:i2c_master_inst|scl_tick[7]         ; I2C_Master:i2c_master_inst|bit_cnt[1]      ; 4.944             ;
; I2C_Master:i2c_master_inst|scl_tick[2]         ; I2C_Master:i2c_master_inst|bit_cnt[1]      ; 4.944             ;
; I2C_Master:i2c_master_inst|scl_tick[0]         ; I2C_Master:i2c_master_inst|bit_cnt[1]      ; 4.944             ;
; I2C_Master:i2c_master_inst|scl_internal        ; I2C_Master:i2c_master_inst|sda_out         ; 4.514             ;
; I2C_Master:i2c_master_inst|scl_tick[1]         ; I2C_Master:i2c_master_inst|sda_out         ; 4.514             ;
; I2C_Master:i2c_master_inst|scl_tick[3]         ; I2C_Master:i2c_master_inst|sda_out         ; 4.514             ;
; I2C_Master:i2c_master_inst|scl_tick[8]         ; I2C_Master:i2c_master_inst|sda_out         ; 4.514             ;
; I2C_Master:i2c_master_inst|bit_cnt[0]          ; I2C_Master:i2c_master_inst|bit_cnt[1]      ; 4.492             ;
; I2C_Master:i2c_master_inst|bit_cnt[2]          ; I2C_Master:i2c_master_inst|bit_cnt[1]      ; 4.488             ;
; I2C_Master:i2c_master_inst|bit_cnt[1]          ; I2C_Master:i2c_master_inst|bit_cnt[1]      ; 4.381             ;
; I2C_Master:i2c_master_inst|bit_cnt[3]          ; I2C_Master:i2c_master_inst|bit_cnt[1]      ; 4.308             ;
; I2C_Master:i2c_master_inst|shift_reg[4]        ; I2C_Master:i2c_master_inst|sda_out         ; 3.495             ;
; I2C_Master:i2c_master_inst|byte_idx_tx[0]      ; I2C_Master:i2c_master_inst|shift_reg[7]    ; 3.438             ;
; I2C_Master:i2c_master_inst|shift_reg[5]        ; I2C_Master:i2c_master_inst|sda_out         ; 3.296             ;
; I2C_Master:i2c_master_inst|shift_reg[0]        ; I2C_Master:i2c_master_inst|sda_out         ; 3.289             ;
; I2C_Master:i2c_master_inst|shift_reg[2]        ; I2C_Master:i2c_master_inst|sda_out         ; 3.246             ;
; I2C_Master:i2c_master_inst|state.SEND_BIT      ; I2C_Master:i2c_master_inst|bit_cnt[0]      ; 3.111             ;
; I2C_Master:i2c_master_inst|byte_idx_tx[3]      ; I2C_Master:i2c_master_inst|shift_reg[0]    ; 3.106             ;
; I2C_Master:i2c_master_inst|byte_idx_tx[1]      ; I2C_Master:i2c_master_inst|shift_reg[0]    ; 3.089             ;
; I2C_Master:i2c_master_inst|shift_reg[6]        ; I2C_Master:i2c_master_inst|sda_out         ; 3.083             ;
; I2C_Master:i2c_master_inst|byte_idx_tx[2]      ; I2C_Master:i2c_master_inst|shift_reg[0]    ; 3.069             ;
; data_tx[1][0]                                  ; I2C_Master:i2c_master_inst|shift_reg[0]    ; 3.021             ;
; data_tx[1][2]                                  ; I2C_Master:i2c_master_inst|shift_reg[0]    ; 3.021             ;
; slave_addr[1]                                  ; I2C_Master:i2c_master_inst|shift_reg[4]    ; 2.925             ;
; I2C_Master:i2c_master_inst|state.START         ; I2C_Master:i2c_master_inst|shift_reg[4]    ; 2.925             ;
; I2C_Master:i2c_master_inst|shift_reg[1]        ; I2C_Master:i2c_master_inst|sda_out         ; 2.860             ;
; I2C_Master:i2c_master_inst|write_read_reg      ; I2C_Master:i2c_master_inst|shift_reg[0]    ; 2.732             ;
; I2C_Master:i2c_master_inst|state.CHECK_ACK     ; I2C_Master:i2c_master_inst|shift_reg[0]    ; 2.732             ;
; I2C_Master:i2c_master_inst|ack_state.ACK_3673  ; I2C_Master:i2c_master_inst|state.SEND_BIT  ; 2.659             ;
; I2C_Master:i2c_master_inst|ack_state.NACK_3662 ; I2C_Master:i2c_master_inst|state.START     ; 2.620             ;
; I2C_Master:i2c_master_inst|busy                ; I2C_Master:i2c_master_inst|sda_out         ; 2.600             ;
; I2C_Master:i2c_master_inst|state.STOP          ; I2C_Master:i2c_master_inst|sda_out         ; 2.600             ;
; I2C_Master:i2c_master_inst|shift_reg[7]        ; I2C_Master:i2c_master_inst|sda_out         ; 2.482             ;
; I2C_Master:i2c_master_inst|shift_reg[3]        ; I2C_Master:i2c_master_inst|sda_out         ; 2.419             ;
; sda                                            ; I2C_Master:i2c_master_inst|shift_reg[3]    ; 2.405             ;
; I2C_Master:i2c_master_inst|sda_out             ; I2C_Master:i2c_master_inst|state.IDLE      ; 1.989             ;
; I2C_Master:i2c_master_inst|state.IDLE          ; I2C_Master:i2c_master_inst|scl_tick[8]     ; 1.381             ;
; clk_div_count[0]                               ; clk_div_count[15]                          ; 0.380             ;
; enc2freq:enc2freq_2|bcd_count[0]               ; enc2freq:enc2freq_2|bcd_count[3]           ; 0.271             ;
; enc2freq:enc2freq_2|bcd_count[1]               ; enc2freq:enc2freq_2|bcd_count[3]           ; 0.267             ;
; start_transfer                                 ; start                                      ; 0.262             ;
; enc2freq:enc2freq_2|bcd_count[3]               ; enc2freq:enc2freq_2|bcd_count[2]           ; 0.253             ;
; enc2freq:enc2freq_2|cw_pulse_count[0]          ; enc2freq:enc2freq_2|cw_pulse_count[1]      ; 0.227             ;
; encoder:encoder_2|a_prev                       ; encoder:encoder_2|cw                       ; 0.218             ;
; enc2freq:enc2freq_2|ccw_pulse_count[0]         ; enc2freq:enc2freq_2|ccw_pulse_count[1]     ; 0.217             ;
; enc2freq:enc2freq_2|bcd_count[2]               ; enc2freq:enc2freq_2|bcd_count[3]           ; 0.208             ;
; encoder:encoder_2|b_prev                       ; encoder:encoder_2|cw                       ; 0.200             ;
; onOff                                          ; tonegen:tonegen_1|counter[63]~_Duplicate_1 ; 0.135             ;
; reset_n                                        ; I2C_Master:i2c_master_inst|byte_idx_tx[0]  ; 0.035             ;
+------------------------------------------------+--------------------------------------------+-------------------+
Note: This table only shows the top 53 path(s) that have the largest delay added for hold.


+-----------------+
; Fitter Messages ;
+-----------------+
Warning (18236): Number of processors has not been specified which may cause overloading on shared machines.  Set the global assignment NUM_PARALLEL_PROCESSORS in your QSF to an appropriate value for best performance.
Info (20030): Parallel compilation is enabled and will use 4 of the 4 processors detected
Info (119006): Selected device 5CSEMA4U23C6 for design "PN532-FireLinkBridge"
Info (21077): Low junction temperature is 0 degrees C
Info (21077): High junction temperature is 85 degrees C
Info (171003): Fitter is performing an Auto Fit compilation, which may decrease Fitter effort to reduce compilation time
Warning (292013): Feature LogicLock is only available with a valid subscription license. You can purchase a software subscription to gain full access to this feature.
Warning (15714): Some pins have incomplete I/O assignments. Refer to the I/O Assignment Warnings report for details
Info (184020): Starting Fitter periphery placement operations
Info (11191): Automatically promoted 1 clock (1 global)
    Info (11162): CLOCK_50~inputCLKENA0 with 115 fanout uses global clock CLKCTRL_G6
Info (184021): Fitter periphery placement operations ending: elapsed time is 00:00:00
Info (176233): Starting register packing
Warning (335093): The Timing Analyzer is analyzing 23 combinational loops as latches. For more details, run the Check Timing command in the Timing Analyzer or view the "User-Specified and Inferred Latches" table in the Analysis & Synthesis report.
Critical Warning (332012): Synopsys Design Constraints File file not found: 'PN532-FireLinkBridge.sdc'. A Synopsys Design Constraints File is required by the Timing Analyzer to get proper timing constraints. Without it, the Compiler will not properly optimize the design.
Info (332144): No user constrained base clocks found in the design
Warning (332191): Clock target I2C_Master:i2c_master_inst|I2C_write_read_mode of clock I2C_Master:i2c_master_inst|I2C_write_read_mode is fed by another target of the same clock.
Info (332097): The following timing edges are non-unate.  The Timing Analyzer will assume pos-unate behavior for these edges in the clock network.
    Info (332098): Cell: i2c_master_inst|bit_cnt[0]~0  from: datac  to: combout
Info (332143): No user constrained clock uncertainty found in the design. Calling "derive_clock_uncertainty"
Info (332123): Deriving Clock Uncertainty. Please refer to report_sdc in the Timing Analyzer to see clock uncertainties.
Info (332130): Timing requirements not specified -- quality metrics such as performance may be sacrificed to reduce compilation time.
Info (176235): Finished register packing
    Extra Info (176218): Packed 118 registers into blocks of type DSP block
    Extra Info (176220): Created 118 register duplicates
Warning (15705): Ignored locations or region assignments to the following nodes
    Warning (15706): Node "ADC_CONVST" is assigned to location or region, but does not exist in design
    Warning (15706): Node "ADC_SCK" is assigned to location or region, but does not exist in design
    Warning (15706): Node "ADC_SDI" is assigned to location or region, but does not exist in design
    Warning (15706): Node "ADC_SDO" is assigned to location or region, but does not exist in design
    Warning (15706): Node "ARDUINO_IO[0]" is assigned to location or region, but does not exist in design
    Warning (15706): Node "ARDUINO_IO[10]" is assigned to location or region, but does not exist in design
    Warning (15706): Node "ARDUINO_IO[11]" is assigned to location or region, but does not exist in design
    Warning (15706): Node "ARDUINO_IO[12]" is assigned to location or region, but does not exist in design
    Warning (15706): Node "ARDUINO_IO[13]" is assigned to location or region, but does not exist in design
    Warning (15706): Node "ARDUINO_IO[14]" is assigned to location or region, but does not exist in design
    Warning (15706): Node "ARDUINO_IO[15]" is assigned to location or region, but does not exist in design
    Warning (15706): Node "ARDUINO_IO[1]" is assigned to location or region, but does not exist in design
    Warning (15706): Node "ARDUINO_IO[2]" is assigned to location or region, but does not exist in design
    Warning (15706): Node "ARDUINO_IO[3]" is assigned to location or region, but does not exist in design
    Warning (15706): Node "ARDUINO_IO[4]" is assigned to location or region, but does not exist in design
    Warning (15706): Node "ARDUINO_IO[5]" is assigned to location or region, but does not exist in design
    Warning (15706): Node "ARDUINO_IO[6]" is assigned to location or region, but does not exist in design
    Warning (15706): Node "ARDUINO_IO[7]" is assigned to location or region, but does not exist in design
    Warning (15706): Node "ARDUINO_IO[8]" is assigned to location or region, but does not exist in design
    Warning (15706): Node "ARDUINO_IO[9]" is assigned to location or region, but does not exist in design
    Warning (15706): Node "ARDUINO_RESET_N" is assigned to location or region, but does not exist in design
    Warning (15706): Node "FPGA_CLK1_50" is assigned to location or region, but does not exist in design
    Warning (15706): Node "FPGA_CLK2_50" is assigned to location or region, but does not exist in design
    Warning (15706): Node "FPGA_CLK3_50" is assigned to location or region, but does not exist in design
    Warning (15706): Node "GPIO_0[0]" is assigned to location or region, but does not exist in design
    Warning (15706): Node "GPIO_0[10]" is assigned to location or region, but does not exist in design
    Warning (15706): Node "GPIO_0[11]" is assigned to location or region, but does not exist in design
    Warning (15706): Node "GPIO_0[12]" is assigned to location or region, but does not exist in design
    Warning (15706): Node "GPIO_0[13]" is assigned to location or region, but does not exist in design
    Warning (15706): Node "GPIO_0[14]" is assigned to location or region, but does not exist in design
    Warning (15706): Node "GPIO_0[15]" is assigned to location or region, but does not exist in design
    Warning (15706): Node "GPIO_0[16]" is assigned to location or region, but does not exist in design
    Warning (15706): Node "GPIO_0[17]" is assigned to location or region, but does not exist in design
    Warning (15706): Node "GPIO_0[18]" is assigned to location or region, but does not exist in design
    Warning (15706): Node "GPIO_0[19]" is assigned to location or region, but does not exist in design
    Warning (15706): Node "GPIO_0[1]" is assigned to location or region, but does not exist in design
    Warning (15706): Node "GPIO_0[20]" is assigned to location or region, but does not exist in design
    Warning (15706): Node "GPIO_0[21]" is assigned to location or region, but does not exist in design
    Warning (15706): Node "GPIO_0[22]" is assigned to location or region, but does not exist in design
    Warning (15706): Node "GPIO_0[23]" is assigned to location or region, but does not exist in design
    Warning (15706): Node "GPIO_0[24]" is assigned to location or region, but does not exist in design
    Warning (15706): Node "GPIO_0[25]" is assigned to location or region, but does not exist in design
    Warning (15706): Node "GPIO_0[26]" is assigned to location or region, but does not exist in design
    Warning (15706): Node "GPIO_0[27]" is assigned to location or region, but does not exist in design
    Warning (15706): Node "GPIO_0[28]" is assigned to location or region, but does not exist in design
    Warning (15706): Node "GPIO_0[29]" is assigned to location or region, but does not exist in design
    Warning (15706): Node "GPIO_0[2]" is assigned to location or region, but does not exist in design
    Warning (15706): Node "GPIO_0[30]" is assigned to location or region, but does not exist in design
    Warning (15706): Node "GPIO_0[31]" is assigned to location or region, but does not exist in design
    Warning (15706): Node "GPIO_0[32]" is assigned to location or region, but does not exist in design
    Warning (15706): Node "GPIO_0[33]" is assigned to location or region, but does not exist in design
    Warning (15706): Node "GPIO_0[34]" is assigned to location or region, but does not exist in design
    Warning (15706): Node "GPIO_0[35]" is assigned to location or region, but does not exist in design
    Warning (15706): Node "GPIO_0[3]" is assigned to location or region, but does not exist in design
    Warning (15706): Node "GPIO_0[4]" is assigned to location or region, but does not exist in design
    Warning (15706): Node "GPIO_0[5]" is assigned to location or region, but does not exist in design
    Warning (15706): Node "GPIO_0[6]" is assigned to location or region, but does not exist in design
    Warning (15706): Node "GPIO_0[7]" is assigned to location or region, but does not exist in design
    Warning (15706): Node "GPIO_0[8]" is assigned to location or region, but does not exist in design
    Warning (15706): Node "GPIO_0[9]" is assigned to location or region, but does not exist in design
    Warning (15706): Node "GPIO_1[0]" is assigned to location or region, but does not exist in design
    Warning (15706): Node "GPIO_1[10]" is assigned to location or region, but does not exist in design
    Warning (15706): Node "GPIO_1[11]" is assigned to location or region, but does not exist in design
    Warning (15706): Node "GPIO_1[12]" is assigned to location or region, but does not exist in design
    Warning (15706): Node "GPIO_1[13]" is assigned to location or region, but does not exist in design
    Warning (15706): Node "GPIO_1[14]" is assigned to location or region, but does not exist in design
    Warning (15706): Node "GPIO_1[15]" is assigned to location or region, but does not exist in design
    Warning (15706): Node "GPIO_1[16]" is assigned to location or region, but does not exist in design
    Warning (15706): Node "GPIO_1[17]" is assigned to location or region, but does not exist in design
    Warning (15706): Node "GPIO_1[18]" is assigned to location or region, but does not exist in design
    Warning (15706): Node "GPIO_1[19]" is assigned to location or region, but does not exist in design
    Warning (15706): Node "GPIO_1[1]" is assigned to location or region, but does not exist in design
    Warning (15706): Node "GPIO_1[20]" is assigned to location or region, but does not exist in design
    Warning (15706): Node "GPIO_1[21]" is assigned to location or region, but does not exist in design
    Warning (15706): Node "GPIO_1[22]" is assigned to location or region, but does not exist in design
    Warning (15706): Node "GPIO_1[23]" is assigned to location or region, but does not exist in design
    Warning (15706): Node "GPIO_1[24]" is assigned to location or region, but does not exist in design
    Warning (15706): Node "GPIO_1[25]" is assigned to location or region, but does not exist in design
    Warning (15706): Node "GPIO_1[26]" is assigned to location or region, but does not exist in design
    Warning (15706): Node "GPIO_1[27]" is assigned to location or region, but does not exist in design
    Warning (15706): Node "GPIO_1[28]" is assigned to location or region, but does not exist in design
    Warning (15706): Node "GPIO_1[29]" is assigned to location or region, but does not exist in design
    Warning (15706): Node "GPIO_1[2]" is assigned to location or region, but does not exist in design
    Warning (15706): Node "GPIO_1[30]" is assigned to location or region, but does not exist in design
    Warning (15706): Node "GPIO_1[31]" is assigned to location or region, but does not exist in design
    Warning (15706): Node "GPIO_1[32]" is assigned to location or region, but does not exist in design
    Warning (15706): Node "GPIO_1[33]" is assigned to location or region, but does not exist in design
    Warning (15706): Node "GPIO_1[34]" is assigned to location or region, but does not exist in design
    Warning (15706): Node "GPIO_1[35]" is assigned to location or region, but does not exist in design
    Warning (15706): Node "GPIO_1[3]" is assigned to location or region, but does not exist in design
    Warning (15706): Node "GPIO_1[4]" is assigned to location or region, but does not exist in design
    Warning (15706): Node "GPIO_1[5]" is assigned to location or region, but does not exist in design
    Warning (15706): Node "GPIO_1[6]" is assigned to location or region, but does not exist in design
    Warning (15706): Node "GPIO_1[7]" is assigned to location or region, but does not exist in design
    Warning (15706): Node "GPIO_1[8]" is assigned to location or region, but does not exist in design
    Warning (15706): Node "GPIO_1[9]" is assigned to location or region, but does not exist in design
    Warning (15706): Node "KEY[0]" is assigned to location or region, but does not exist in design
    Warning (15706): Node "KEY[1]" is assigned to location or region, but does not exist in design
    Warning (15706): Node "LED[0]" is assigned to location or region, but does not exist in design
    Warning (15706): Node "LED[1]" is assigned to location or region, but does not exist in design
    Warning (15706): Node "LED[2]" is assigned to location or region, but does not exist in design
    Warning (15706): Node "LED[3]" is assigned to location or region, but does not exist in design
    Warning (15706): Node "LED[4]" is assigned to location or region, but does not exist in design
    Warning (15706): Node "LED[5]" is assigned to location or region, but does not exist in design
    Warning (15706): Node "LED[6]" is assigned to location or region, but does not exist in design
    Warning (15706): Node "LED[7]" is assigned to location or region, but does not exist in design
    Warning (15706): Node "SW[0]" is assigned to location or region, but does not exist in design
    Warning (15706): Node "SW[1]" is assigned to location or region, but does not exist in design
    Warning (15706): Node "SW[2]" is assigned to location or region, but does not exist in design
    Warning (15706): Node "SW[3]" is assigned to location or region, but does not exist in design
    Warning (15706): Node "blue" is assigned to location or region, but does not exist in design
    Warning (15706): Node "colon" is assigned to location or region, but does not exist in design
    Warning (15706): Node "colon_en_n" is assigned to location or region, but does not exist in design
    Warning (15706): Node "enc1_a" is assigned to location or region, but does not exist in design
    Warning (15706): Node "enc1_b" is assigned to location or region, but does not exist in design
    Warning (15706): Node "green" is assigned to location or region, but does not exist in design
    Warning (15706): Node "lcd_cs" is assigned to location or region, but does not exist in design
    Warning (15706): Node "lcd_rs" is assigned to location or region, but does not exist in design
    Warning (15706): Node "lcd_rst" is assigned to location or region, but does not exist in design
    Warning (15706): Node "lcd_scl" is assigned to location or region, but does not exist in design
    Warning (15706): Node "lcd_sda" is assigned to location or region, but does not exist in design
    Warning (15706): Node "point" is assigned to location or region, but does not exist in design
    Warning (15706): Node "red" is assigned to location or region, but does not exist in design
Info (11798): Fitter preparation operations ending: elapsed time is 00:00:06
Info (170189): Fitter placement preparation operations beginning
Info (14951): The Fitter is using Advanced Physical Optimization.
Info (170190): Fitter placement preparation operations ending: elapsed time is 00:00:05
Info (170191): Fitter placement operations beginning
Info (170137): Fitter placement was successful
Info (170192): Fitter placement operations ending: elapsed time is 00:00:04
Info (170193): Fitter routing operations beginning
Info (170195): Router estimated average interconnect usage is 0% of the available device resources
    Info (170196): Router estimated peak interconnect usage is 7% of the available device resources in the region that extends from location X46_Y0 to location X56_Y11
Info (170199): The Fitter performed an Auto Fit compilation.  Optimizations were skipped to reduce compilation time.
    Info (170201): Optimizations that may affect the design's routability were skipped
Info (170194): Fitter routing operations ending: elapsed time is 00:00:18
Info (11888): Total time spent on timing analysis during the Fitter is 4.16 seconds.
Info (334003): Started post-fitting delay annotation
Info (334004): Delay annotation completed successfully
Info (334003): Started post-fitting delay annotation
Info (334004): Delay annotation completed successfully
Info (11801): Fitter post-fit operations ending: elapsed time is 00:00:04
Warning (171167): Found invalid Fitter assignments. See the Ignored Assignments panel in the Fitter Compilation Report for more information.
Info (144001): Generated suppressed messages file C:/SHAMM/github repos/RFID-NFC-FPGA-Project/Quartus 18-1 Project Files/output_files/PN532-FireLinkBridge.fit.smsg
Info: Quartus Prime Fitter was successful. 0 errors, 131 warnings
    Info: Peak virtual memory: 6367 megabytes
    Info: Processing ended: Mon Apr 14 21:17:48 2025
    Info: Elapsed time: 00:01:07
    Info: Total CPU time (on all processors): 00:02:14


+----------------------------+
; Fitter Suppressed Messages ;
+----------------------------+
The suppressed messages can be found in C:/SHAMM/github repos/RFID-NFC-FPGA-Project/Quartus 18-1 Project Files/output_files/PN532-FireLinkBridge.fit.smsg.


